UNDERLYING,start,end,final_realized,final_unrealized,final_equity,final_gross_pnl,final_net_pnl,final_cost_pnl,final_spr_slpg1,final_spr_slpg2,final_own_amount,max_drawdown,total_contracts_traded,total_shares_traded,max_delta_lots,min_delta_lots,cfg,entry_E,tp_off,stop_off
360ONE,2025-06-27 11:19:00,2025-09-30 15:29:00,0.0,0.0,0.0,0.0,0.0,0.0,0.0,0.0,0.0,0.0,0,0,0,0,E1.5_TP0.5_SL1.5,1.5,0.5,1.5
GAIL,2025-02-17 11:19:00,2025-09-30 15:29:00,0.0,0.0,0.0,0.0,0.0,0.0,0.0,0.0,0.0,0.0,0,0,0,0,E1.5_TP0.5_SL1.5,1.5,0.5,1.5
GLENMARK,2025-02-17 11:19:00,2025-09-30 15:29:00,0.0,0.0,0.0,0.0,0.0,0.0,0.0,0.0,0.0,0.0,0,0,0,0,E1.5_TP0.5_SL1.5,1.5,0.5,1.5
GMRAIRPORT,2025-02-17 11:19:00,2025-09-30 15:29:00,0.0,0.0,0.0,0.0,0.0,0.0,0.0,0.0,0.0,0.0,0,0,0,0,E1.5_TP0.5_SL1.5,1.5,0.5,1.5
GODREJCP,2025-02-17 11:20:00,2025-09-30 15:29:00,0.0,-0.0,0.0,0.0,0.0,0.0,0.0,0.0,0.0,0.0,0,0,0,0,E1.5_TP0.5_SL1.5,1.5,0.5,1.5
GODREJPROP,2025-02-17 11:19:00,2025-09-30 15:29:00,0.0,0.0,0.0,0.0,0.0,0.0,0.0,0.0,0.0,0.0,0,0,0,0,E1.5_TP0.5_SL1.5,1.5,0.5,1.5
GRASIM,2025-02-17 11:19:00,2025-09-30 15:29:00,0.0,0.0,0.0,0.0,0.0,0.0,0.0,0.0,0.0,0.0,0,0,0,0,E1.5_TP0.5_SL1.5,1.5,0.5,1.5
LAURUSLABS,2025-02-17 11:19:00,2025-09-30 15:29:00,0.0,0.0,0.0,0.0,0.0,0.0,0.0,0.0,0.0,0.0,0,0,0,0,E1.5_TP0.5_SL1.5,1.5,0.5,1.5
LICHSGFIN,2025-02-17 11:19:00,2025-09-30 15:29:00,-541762.3750000005,0.0,-541762.3750000005,-131950.8749999999,-174656.0531432499,42705.17814325001,69756.75,78974.875,-131950.8749999999,200686.0945260501,188,565880,40,-40,E1.5_TP0.5_SL1.5,1.5,0.5,1.5
LICI,2025-02-17 11:19:00,2025-09-30 15:29:00,-285359.39999999903,0.0,-285359.39999999903,-49701.59999999913,-71068.52860451913,21366.92860452,24266.7,49914.00000000001,-49701.59999999913,85619.69438129922,82,174168,40,0,E1.5_TP0.5_SL1.5,1.5,0.5,1.5
LODHA,2025-02-17 11:19:00,2025-09-30 15:29:00,-364419.3999999964,0.0,-364419.3999999964,-167149.8999999964,-219040.7655640364,51890.86556404,82065.49999999996,98270.40000000002,-167149.8999999964,326998.14159571304,202,280376,0,-40,E1.5_TP0.5_SL1.5,1.5,0.5,1.5
LT,2025-02-17 11:19:00,2025-09-30 15:29:00,-140871.75,0.0,-140871.75,12910.650000000314,-6813.721780499691,19724.371780500005,14392.199999999992,14255.249999999998,12910.650000000314,32826.88834703996,86,42828,40,-3,E1.5_TP0.5_SL1.5,1.5,0.5,1.5
LTF,2025-02-17 11:19:00,2025-09-30 15:29:00,440261.27999999904,0.0,440261.27999999904,187688.15999999916,136117.7947641592,51570.36523583996,82124.63999999996,121740.47999999992,187688.15999999916,202069.40645030895,190,2243520,0,-40,E1.5_TP0.5_SL1.5,1.5,0.5,1.5
LTIM,2025-02-17 11:20:00,2025-09-30 15:29:00,0.0,-0.0,0.0,0.0,0.0,0.0,0.0,0.0,0.0,0.0,0,0,0,0,E1.5_TP0.5_SL1.5,1.5,0.5,1.5
LUPIN,2025-02-17 11:19:00,2025-09-30 15:29:00,0.0,0.0,0.0,0.0,0.0,0.0,0.0,0.0,0.0,0.0,0,0,0,0,E1.5_TP0.5_SL1.5,1.5,0.5,1.5
SAIL,2025-02-17 11:19:00,2025-09-30 15:29:00,-24575.46000000013,0.0,-24575.46000000013,-5709.84000000007,-8138.61473352007,2428.77473352,3433.62,4591.0199999999995,-5709.84000000007,8138.61473352007,10,154320,2,0,E1.5_TP0.5_SL1.5,1.5,0.5,1.5
SBICARD,2025-02-17 11:19:00,2025-09-30 15:29:00,-221182.04999999996,-0.0,-221182.04999999996,-42815.49999999977,-60871.68220739976,18056.182207399997,29076.9,23148.599999999995,-42815.49999999977,67945.88194620171,86,161852,0,-40,E1.5_TP0.5_SL1.5,1.5,0.5,1.5
SBILIFE,2025-02-17 11:19:00,2025-09-30 15:29:00,0.0,0.0,0.0,0.0,0.0,0.0,0.0,0.0,0.0,0.0,0,0,0,0,E1.5_TP0.5_SL1.5,1.5,0.5,1.5
SBIN,2025-02-17 11:19:00,2025-09-30 15:29:00,0.0,0.0,0.0,0.0,0.0,0.0,0.0,0.0,0.0,0.0,0,0,0,0,E1.5_TP0.5_SL1.5,1.5,0.5,1.5
SHREECEM,2025-02-17 11:19:00,2025-09-30 15:29:00,-106721.9999999992,0.0,-106721.9999999992,146265.7000000012,107290.1875505612,38975.51244944001,54684.0,61308.1,146265.7000000012,66686.32310731828,180,10080,0,-40,E1.5_TP0.5_SL1.5,1.5,0.5,1.5
SHRIRAMFIN,2025-02-17 11:19:00,2025-09-30 15:29:00,0.0,0.0,0.0,0.0,0.0,0.0,0.0,0.0,0.0,0.0,0,0,0,0,E1.5_TP0.5_SL1.5,1.5,0.5,1.5
SIEMENS,2025-02-17 11:19:00,2025-09-30 15:29:00,0.0,0.0,0.0,0.0,0.0,0.0,0.0,0.0,0.0,0.0,0,0,0,0,E1.5_TP0.5_SL1.5,1.5,0.5,1.5
SOLARINDS,2025-02-17 11:19:00,2025-09-30 15:29:00,0.0,0.0,0.0,0.0,0.0,0.0,0.0,0.0,0.0,0.0,0,0,0,0,E1.5_TP0.5_SL1.5,1.5,0.5,1.5
SONACOMS,2025-02-17 11:19:00,2025-09-30 15:29:00,785835.150000002,0.0,785835.150000002,63488.400000002264,-12052.387924437746,75540.78792444001,115467.4500000001,281168.85000000003,63488.400000002264,377808.16625154053,374,1243176,0,-40,E1.5_TP0.5_SL1.5,1.5,0.5,1.5
SRF,2025-02-17 11:20:00,2025-09-30 15:29:00,0.0,0.0,0.0,0.0,0.0,0.0,0.0,0.0,0.0,0.0,0,0,0,0,E1.5_TP0.5_SL1.5,1.5,0.5,1.5
SUNPHARMA,2025-02-17 11:19:00,2025-09-30 15:29:00,0.0,0.0,0.0,0.0,0.0,0.0,0.0,0.0,0.0,0.0,0,0,0,0,E1.5_TP0.5_SL1.5,1.5,0.5,1.5
SUPREMEIND,2025-02-17 11:19:00,2025-09-30 15:29:00,-824.9999999999,0.0,-824.9999999999,26301.00000000004,21304.518158000043,4996.481841999999,12287.0,18744.0,26301.00000000004,18608.197374800417,24,10560,8,0,E1.5_TP0.5_SL1.5,1.5,0.5,1.5
SUZLON,2025-08-01 11:25:00,2025-09-30 15:29:00,0.0,0.0,0.0,0.0,0.0,0.0,0.0,0.0,0.0,0.0,0,0,0,0,E1.5_TP0.5_SL1.5,1.5,0.5,1.5
SYNGENE,2025-02-17 11:19:00,2025-09-30 15:29:00,0.0,0.0,0.0,0.0,0.0,0.0,0.0,0.0,0.0,0.0,0,0,0,0,E1.5_TP0.5_SL1.5,1.5,0.5,1.5
360ONE,2025-06-27 11:19:00,2025-09-30 15:29:00,0.0,0.0,0.0,0.0,0.0,0.0,0.0,0.0,0.0,0.0,0,0,0,0,E2.5_TP0.5_SL2.0,2.5,0.5,2.0
GAIL,2025-02-17 11:19:00,2025-09-30 15:29:00,0.0,0.0,0.0,0.0,0.0,0.0,0.0,0.0,0.0,0.0,0,0,0,0,E2.5_TP0.5_SL2.0,2.5,0.5,2.0
GLENMARK,2025-02-17 11:19:00,2025-09-30 15:29:00,0.0,0.0,0.0,0.0,0.0,0.0,0.0,0.0,0.0,0.0,0,0,0,0,E2.5_TP0.5_SL2.0,2.5,0.5,2.0
GMRAIRPORT,2025-02-17 11:19:00,2025-09-30 15:29:00,0.0,0.0,0.0,0.0,0.0,0.0,0.0,0.0,0.0,0.0,0,0,0,0,E2.5_TP0.5_SL2.0,2.5,0.5,2.0
GODREJCP,2025-02-17 11:20:00,2025-09-30 15:29:00,0.0,-0.0,0.0,0.0,0.0,0.0,0.0,0.0,0.0,0.0,0,0,0,0,E2.5_TP0.5_SL2.0,2.5,0.5,2.0
GODREJPROP,2025-02-17 11:19:00,2025-09-30 15:29:00,0.0,0.0,0.0,0.0,0.0,0.0,0.0,0.0,0.0,0.0,0,0,0,0,E2.5_TP0.5_SL2.0,2.5,0.5,2.0
GRASIM,2025-02-17 11:19:00,2025-09-30 15:29:00,0.0,0.0,0.0,0.0,0.0,0.0,0.0,0.0,0.0,0.0,0,0,0,0,E2.5_TP0.5_SL2.0,2.5,0.5,2.0
LAURUSLABS,2025-02-17 11:19:00,2025-09-30 15:29:00,0.0,0.0,0.0,0.0,0.0,0.0,0.0,0.0,0.0,0.0,0,0,0,0,E2.5_TP0.5_SL2.0,2.5,0.5,2.0
LICHSGFIN,2025-02-17 11:19:00,2025-09-30 15:29:00,0.0,0.0,0.0,0.0,0.0,0.0,0.0,0.0,0.0,0.0,0,0,0,0,E2.5_TP0.5_SL2.0,2.5,0.5,2.0
LICI,2025-02-17 11:19:00,2025-09-30 15:29:00,-136679.3999999999,0.0,-136679.3999999999,16487.550000000352,3984.037627320353,12503.51237268,13089.150000000003,36639.00000000001,16487.550000000352,58780.64143026045,48,101952,24,0,E2.5_TP0.5_SL2.0,2.5,0.5,2.0
LODHA,2025-02-17 11:19:00,2025-09-30 15:29:00,-29807.299999999243,0.0,-29807.299999999243,6072.5000000009495,2463.433573400949,3609.0664266,8154.499999999999,5413.2,6072.5000000009495,18003.189829679242,14,19432,0,-7,E2.5_TP0.5_SL2.0,2.5,0.5,2.0
LT,2025-02-17 11:19:00,2025-09-30 15:29:00,-8602.949999999932,0.0,-8602.949999999932,5241.450000000158,3878.2843110001577,1363.1656890000002,883.95,1220.1,5241.450000000158,2495.3667567600905,6,2988,2,0,E2.5_TP0.5_SL2.0,2.5,0.5,2.0
LTF,2025-02-17 11:19:00,2025-09-30 15:29:00,-58154.40000000081,0.0,-58154.40000000081,-12280.320000000924,-17484.593175936923,5204.273175936,6523.92,7291.44,-12280.320000000924,17484.593175936923,20,236160,0,-10,E2.5_TP0.5_SL2.0,2.5,0.5,2.0
LTIM,2025-02-17 11:20:00,2025-09-30 15:29:00,0.0,-0.0,0.0,0.0,0.0,0.0,0.0,0.0,0.0,0.0,0,0,0,0,E2.5_TP0.5_SL2.0,2.5,0.5,2.0
LUPIN,2025-02-17 11:19:00,2025-09-30 15:29:00,0.0,0.0,0.0,0.0,0.0,0.0,0.0,0.0,0.0,0.0,0,0,0,0,E2.5_TP0.5_SL2.0,2.5,0.5,2.0
SAIL,2025-02-17 11:19:00,2025-09-30 15:29:00,0.0,0.0,0.0,0.0,0.0,0.0,0.0,0.0,0.0,0.0,0,0,0,0,E2.5_TP0.5_SL2.0,2.5,0.5,2.0
SBICARD,2025-02-17 11:19:00,2025-09-30 15:29:00,-9386.47500000002,-0.0,-9386.47500000002,3834.5750000000417,2994.8716174400415,839.70338256,1058.625,1129.2,3834.5750000000417,210.3846207800009,4,7528,0,-1,E2.5_TP0.5_SL2.0,2.5,0.5,2.0
SBILIFE,2025-02-17 11:19:00,2025-09-30 15:29:00,0.0,0.0,0.0,0.0,0.0,0.0,0.0,0.0,0.0,0.0,0,0,0,0,E2.5_TP0.5_SL2.0,2.5,0.5,2.0
SBIN,2025-02-17 11:19:00,2025-09-30 15:29:00,0.0,0.0,0.0,0.0,0.0,0.0,0.0,0.0,0.0,0.0,0,0,0,0,E2.5_TP0.5_SL2.0,2.5,0.5,2.0
SHREECEM,2025-02-17 11:19:00,2025-09-30 15:29:00,0.0,0.0,0.0,0.0,0.0,0.0,0.0,0.0,0.0,0.0,0,0,0,0,E2.5_TP0.5_SL2.0,2.5,0.5,2.0
SHRIRAMFIN,2025-02-17 11:19:00,2025-09-30 15:29:00,0.0,0.0,0.0,0.0,0.0,0.0,0.0,0.0,0.0,0.0,0,0,0,0,E2.5_TP0.5_SL2.0,2.5,0.5,2.0
SIEMENS,2025-02-17 11:19:00,2025-09-30 15:29:00,0.0,0.0,0.0,0.0,0.0,0.0,0.0,0.0,0.0,0.0,0,0,0,0,E2.5_TP0.5_SL2.0,2.5,0.5,2.0
SOLARINDS,2025-02-17 11:19:00,2025-09-30 15:29:00,0.0,0.0,0.0,0.0,0.0,0.0,0.0,0.0,0.0,0.0,0,0,0,0,E2.5_TP0.5_SL2.0,2.5,0.5,2.0
SONACOMS,2025-02-17 11:19:00,2025-09-30 15:29:00,343244.54999999574,0.0,343244.54999999574,48197.99999999439,-3162.3467832656243,51360.346783260014,99969.3,111270.90000000004,48197.99999999439,203351.75313697325,246,817704,0,-40,E2.5_TP0.5_SL2.0,2.5,0.5,2.0
SRF,2025-02-17 11:20:00,2025-09-30 15:29:00,0.0,0.0,0.0,0.0,0.0,0.0,0.0,0.0,0.0,0.0,0,0,0,0,E2.5_TP0.5_SL2.0,2.5,0.5,2.0
SUNPHARMA,2025-02-17 11:19:00,2025-09-30 15:29:00,0.0,0.0,0.0,0.0,0.0,0.0,0.0,0.0,0.0,0.0,0,0,0,0,E2.5_TP0.5_SL2.0,2.5,0.5,2.0
SUPREMEIND,2025-02-17 11:19:00,2025-09-30 15:29:00,0.0,0.0,0.0,0.0,0.0,0.0,0.0,0.0,0.0,0.0,0,0,0,0,E2.5_TP0.5_SL2.0,2.5,0.5,2.0
SUZLON,2025-08-01 11:25:00,2025-09-30 15:29:00,0.0,0.0,0.0,0.0,0.0,0.0,0.0,0.0,0.0,0.0,0,0,0,0,E2.5_TP0.5_SL2.0,2.5,0.5,2.0
SYNGENE,2025-02-17 11:19:00,2025-09-30 15:29:00,0.0,0.0,0.0,0.0,0.0,0.0,0.0,0.0,0.0,0.0,0,0,0,0,E2.5_TP0.5_SL2.0,2.5,0.5,2.0
360ONE,2025-06-27 11:19:00,2025-09-30 15:29:00,-221505.89999999493,0.0,-221505.89999999493,75128.70000000653,49205.01011634652,25923.68988366001,46361.70000000001,58738.200000000026,75128.70000000653,21298.8228527405,142,189996,0,-40,E1.5_TP1.0_SL2.0,1.5,1.0,2.0
GAIL,2025-02-17 11:19:00,2025-09-30 15:29:00,-31096.259999999813,0.0,-31096.259999999813,96844.79999999964,65470.96773172765,31373.832268271995,39519.74,36190.7,96844.79999999964,248810.98324867443,136,1371968,40,-23,E1.5_TP1.0_SL2.0,1.5,1.0,2.0
GLENMARK,2025-02-17 11:19:00,2025-09-30 15:29:00,0.0,0.0,0.0,0.0,0.0,0.0,0.0,0.0,0.0,0.0,0,0,0,0,E1.5_TP1.0_SL2.0,1.5,1.0,2.0
GMRAIRPORT,2025-02-17 11:19:00,2025-09-30 15:29:00,0.0,0.0,0.0,0.0,0.0,0.0,0.0,0.0,0.0,0.0,0,0,0,0,E1.5_TP1.0_SL2.0,1.5,1.0,2.0
GODREJCP,2025-02-17 11:20:00,2025-09-30 15:29:00,-6270.224999999488,-0.0,-6270.224999999488,68608.14999999816,2495.0449790481507,66113.10502095001,99173.10000000003,141012.94999999998,68608.14999999816,172841.4207327663,272,417248,40,-3,E1.5_TP1.0_SL2.0,1.5,1.0,2.0
GODREJPROP,2025-02-17 11:19:00,2025-09-30 15:29:00,0.0,0.0,0.0,0.0,0.0,0.0,0.0,0.0,0.0,0.0,0,0,0,0,E1.5_TP1.0_SL2.0,1.5,1.0,2.0
GRASIM,2025-02-17 11:19:00,2025-09-30 15:29:00,-110057.60000000177,0.0,-110057.60000000177,67530.89999999866,28764.088439118663,38766.81156087999,46585.399999999994,55305.900000000016,67530.89999999866,99398.68143427654,166,108232,40,-40,E1.5_TP1.0_SL2.0,1.5,1.0,2.0
LAURUSLABS,2025-02-17 11:19:00,2025-09-30 15:29:00,0.0,0.0,0.0,0.0,0.0,0.0,0.0,0.0,0.0,0.0,0,0,0,0,E1.5_TP1.0_SL2.0,1.5,1.0,2.0
LICHSGFIN,2025-02-17 11:19:00,2025-09-30 15:29:00,-536984.0000000003,0.0,-536984.0000000003,-184136.74999999977,-226510.31280114973,42373.56280115001,68966.625,76867.875,-184136.74999999977,251937.69630330376,186,559860,40,-40,E1.5_TP1.0_SL2.0,1.5,1.0,2.0
LICI,2025-02-17 11:19:00,2025-09-30 15:29:00,-684857.2500000044,0.0,-684857.2500000044,-54268.20000000455,-136186.64559360454,81918.4455936,116395.2,155795.4000000001,-54268.20000000455,309508.7841946774,344,730656,40,-40,E1.5_TP1.0_SL2.0,1.5,1.0,2.0
LODHA,2025-02-17 11:19:00,2025-09-30 15:29:00,-52206.14999999653,0.0,-52206.14999999653,244756.4500000033,180886.4364726833,63870.01352732,137411.99999999994,124902.65,244756.4500000033,348509.4931390332,258,358104,2,-40,E1.5_TP1.0_SL2.0,1.5,1.0,2.0
LT,2025-02-17 11:19:00,2025-09-30 15:29:00,-131222.9999999991,0.0,-131222.9999999991,-114154.04999999938,-133395.42601253936,19241.37601254,29506.500000000004,17691.45,-114154.04999999938,143210.35934957903,86,42828,40,-3,E1.5_TP1.0_SL2.0,1.5,1.0,2.0
LTF,2025-02-17 11:19:00,2025-09-30 15:29:00,-198728.6399999995,0.0,-198728.6399999995,-258713.28000000017,-344643.78007238416,85930.50007238402,133135.19999999998,142935.84000000003,-258713.28000000017,578916.0646678089,296,3495168,0,-40,E1.5_TP1.0_SL2.0,1.5,1.0,2.0
LTIM,2025-02-17 11:20:00,2025-09-30 15:29:00,-6489.700000000099,-0.0,-6489.700000000099,76314.19999999998,22637.125670159963,53677.07432984002,77482.2,109266.4,76314.19999999998,187391.8557644,286,83512,40,-1,E1.5_TP1.0_SL2.0,1.5,1.0,2.0
LUPIN,2025-02-17 11:19:00,2025-09-30 15:29:00,-215739.9999999999,0.0,-215739.9999999999,131379.99999999965,81476.02143999966,49903.97855999999,54860.0,89560.0,131379.99999999965,91460.17879200212,252,201600,40,-40,E1.5_TP1.0_SL2.0,1.5,1.0,2.0
SAIL,2025-02-17 11:19:00,2025-09-30 15:29:00,-578738.5800000028,0.0,-578738.5800000028,-59528.9400000028,-107499.52780109082,47970.58780108801,95176.85999999996,98764.80000000002,-59528.9400000028,159541.35431459968,204,3148128,40,-40,E1.5_TP1.0_SL2.0,1.5,1.0,2.0
SBICARD,2025-02-17 11:19:00,2025-09-30 15:29:00,-648043.1749999997,-0.0,-648043.1749999997,-226780.99999999977,-280918.36198570975,54137.361985710006,92547.35000000006,113390.5,-226780.99999999977,340173.2705855996,252,474264,40,-40,E1.5_TP1.0_SL2.0,1.5,1.0,2.0
SBILIFE,2025-02-17 11:19:00,2025-09-30 15:29:00,0.0,0.0,0.0,0.0,0.0,0.0,0.0,0.0,0.0,0.0,0,0,0,0,E1.5_TP1.0_SL2.0,1.5,1.0,2.0
SBIN,2025-02-17 11:19:00,2025-09-30 15:29:00,-87431.00000000013,0.0,-87431.00000000013,-129325.60000000062,-169261.3748258406,39935.77482584,21322.599999999988,23824.600000000013,-129325.60000000062,248669.85060343792,174,386976,40,-5,E1.5_TP1.0_SL2.0,1.5,1.0,2.0
SHREECEM,2025-02-17 11:19:00,2025-09-30 15:29:00,-1090502.6999999993,0.0,-1090502.6999999993,641725.0000000012,440511.2021492008,201213.79785080033,327243.7,382987.5,641725.0000000012,335348.17013600003,934,52304,40,-40,E1.5_TP1.0_SL2.0,1.5,1.0,2.0
SHRIRAMFIN,2025-02-17 11:19:00,2025-09-30 15:29:00,83337.50000000554,0.0,83337.50000000554,37059.37500000488,13153.524354254883,23905.850645749997,25406.875,30532.5,37059.37500000488,140251.248554,94,277300,40,-1,E1.5_TP1.0_SL2.0,1.5,1.0,2.0
SIEMENS,2025-02-17 11:19:00,2025-09-30 15:29:00,97292.24999999904,0.0,97292.24999999904,63896.24999999851,28849.439922598503,35046.810077400005,45969.0,79389.75,63896.24999999851,150296.53012770088,232,76560,40,-1,E1.5_TP1.0_SL2.0,1.5,1.0,2.0
SOLARINDS,2025-02-17 11:19:00,2025-09-30 15:29:00,0.0,0.0,0.0,0.0,0.0,0.0,0.0,0.0,0.0,0.0,0,0,0,0,E1.5_TP1.0_SL2.0,1.5,1.0,2.0
SONACOMS,2025-02-17 11:19:00,2025-09-30 15:29:00,948752.700000001,0.0,948752.700000001,51438.9000000008,-43989.68200955916,95428.58200955996,158596.35000000012,323965.3499999999,51438.9000000008,378342.33813726134,470,1562280,0,-40,E1.5_TP1.0_SL2.0,1.5,1.0,2.0
SRF,2025-02-17 11:20:00,2025-09-30 15:29:00,-219810.2999999967,0.0,-219810.2999999967,47063.10000000332,29039.478177163313,18023.621822840003,26754.5,14702.2,47063.10000000332,20026.28665615863,82,47888,0,-40,E1.5_TP1.0_SL2.0,1.5,1.0,2.0
SUNPHARMA,2025-02-17 11:19:00,2025-09-30 15:29:00,0.0,0.0,0.0,0.0,0.0,0.0,0.0,0.0,0.0,0.0,0,0,0,0,E1.5_TP1.0_SL2.0,1.5,1.0,2.0
SUPREMEIND,2025-02-17 11:19:00,2025-09-30 15:29:00,8821.999999999378,0.0,8821.999999999378,171665.99999999968,143171.48606199966,28494.51393800001,67397.0,96943.0,171665.99999999968,263222.53272920003,126,55440,40,-12,E1.5_TP1.0_SL2.0,1.5,1.0,2.0
SUZLON,2025-08-01 11:25:00,2025-09-30 15:29:00,0.0,0.0,0.0,0.0,0.0,0.0,0.0,0.0,0.0,0.0,0,0,0,0,E1.5_TP1.0_SL2.0,1.5,1.0,2.0
SYNGENE,2025-02-17 11:19:00,2025-09-30 15:29:00,0.0,0.0,0.0,0.0,0.0,0.0,0.0,0.0,0.0,0.0,0,0,0,0,E1.5_TP1.0_SL2.0,1.5,1.0,2.0
360ONE,2025-06-27 11:19:00,2025-09-30 15:29:00,-20471.399999999787,0.0,-20471.399999999787,9901.200000000426,7715.985290700426,2185.2147093,4114.35,4649.550000000001,9901.200000000426,5900.559167340273,12,16056,0,-4,E2.5_TP1.0_SL1.5,2.5,1.0,1.5
GAIL,2025-02-17 11:19:00,2025-09-30 15:29:00,9356.619999999804,0.0,9356.619999999804,146931.71999999968,113392.63049285566,33539.08950714402,36165.48,46001.280000000035,146931.71999999968,61281.615323968035,142,1432496,40,0,E2.5_TP1.0_SL1.5,2.5,1.0,1.5
GLENMARK,2025-02-17 11:19:00,2025-09-30 15:29:00,0.0,0.0,0.0,0.0,0.0,0.0,0.0,0.0,0.0,0.0,0,0,0,0,E2.5_TP1.0_SL1.5,2.5,1.0,1.5
GMRAIRPORT,2025-02-17 11:19:00,2025-09-30 15:29:00,0.0,0.0,0.0,0.0,0.0,0.0,0.0,0.0,0.0,0.0,0,0,0,0,E2.5_TP1.0_SL1.5,2.5,1.0,1.5
GODREJCP,2025-02-17 11:20:00,2025-09-30 15:29:00,-5484.050000000081,-0.0,-5484.050000000081,79461.19999999924,44701.61676200925,34759.58323798999,55933.474999999984,101263.17500000005,79461.19999999924,138682.0363864,144,220896,40,-1,E2.5_TP1.0_SL1.5,2.5,1.0,1.5
GODREJPROP,2025-02-17 11:19:00,2025-09-30 15:29:00,0.0,0.0,0.0,0.0,0.0,0.0,0.0,0.0,0.0,0.0,0,0,0,0,E2.5_TP1.0_SL1.5,2.5,1.0,1.5
GRASIM,2025-02-17 11:19:00,2025-09-30 15:29:00,0.0,0.0,0.0,0.0,0.0,0.0,0.0,0.0,0.0,0.0,0,0,0,0,E2.5_TP1.0_SL1.5,2.5,1.0,1.5
LAURUSLABS,2025-02-17 11:19:00,2025-09-30 15:29:00,0.0,0.0,0.0,0.0,0.0,0.0,0.0,0.0,0.0,0.0,0,0,0,0,E2.5_TP1.0_SL1.5,2.5,1.0,1.5
LICHSGFIN,2025-02-17 11:19:00,2025-09-30 15:29:00,-212995.12499999997,0.0,-212995.12499999997,-102490.5,-121604.91722225,19114.417222249995,26187.0,46730.25,-102490.5,195550.3346859957,80,240800,40,0,E2.5_TP1.0_SL1.5,2.5,1.0,1.5
LICI,2025-02-17 11:19:00,2025-09-30 15:29:00,-258623.54999999923,0.0,-258623.54999999923,-4540.049999998759,-28601.495072278765,24061.445072280007,30373.200000000004,77871.14999999995,-4540.049999998759,58631.16440988245,94,199656,40,0,E2.5_TP1.0_SL1.5,2.5,1.0,1.5
LODHA,2025-02-17 11:19:00,2025-09-30 15:29:00,-9924.199999999182,0.0,-9924.199999999182,40286.700000000914,34920.40741836091,5366.29258164,17193.85,9698.65,40286.700000000914,11839.819968080375,22,30536,0,-7,E2.5_TP1.0_SL1.5,2.5,1.0,1.5
LT,2025-02-17 11:19:00,2025-09-30 15:29:00,-135294.1500000003,0.0,-135294.1500000003,-126666.30000000028,-144824.15256732027,18157.85256732,11043.149999999994,16122.75,-126666.30000000028,148598.87223557924,82,40836,40,0,E2.5_TP1.0_SL1.5,2.5,1.0,1.5
LTF,2025-02-17 11:19:00,2025-09-30 15:29:00,-116663.04000000012,0.0,-116663.04000000012,2833.9199999994307,-11280.082669632571,14114.002669632002,19247.04,18656.64,2833.9199999994307,45353.66866099338,50,590400,0,-12,E2.5_TP1.0_SL1.5,2.5,1.0,1.5
LTIM,2025-02-17 11:20:00,2025-09-30 15:29:00,-34419.500000000015,-0.0,-34419.500000000015,99995.39999999967,55868.12698983964,44127.27301016003,66539.5,84789.5,99995.39999999967,206523.236241082,238,69496,40,0,E2.5_TP1.0_SL1.5,2.5,1.0,1.5
LUPIN,2025-02-17 11:19:00,2025-09-30 15:29:00,17360.00000000022,0.0,17360.00000000022,26520.000000000255,12984.001024000256,13535.998976,13780.0,27780.0,26520.000000000255,38169.86465599889,66,52800,31,-1,E2.5_TP1.0_SL1.5,2.5,1.0,1.5
SAIL,2025-02-17 11:19:00,2025-09-30 15:29:00,-232213.01999999984,0.0,-232213.01999999984,-105091.9199999998,-125244.71151513582,20152.791515136003,27970.50000000001,45022.859999999986,-105091.9199999998,136954.1574692657,82,1265424,40,0,E2.5_TP1.0_SL1.5,2.5,1.0,1.5
SBICARD,2025-02-17 11:19:00,2025-09-30 15:29:00,-157076.4249999998,-0.0,-157076.4249999998,180601.4250000007,144131.5902399307,36469.83476007001,42556.725000000035,77914.80000000002,180601.4250000007,31703.3244130705,166,312412,40,-2,E2.5_TP1.0_SL1.5,2.5,1.0,1.5
SBILIFE,2025-02-17 11:19:00,2025-09-30 15:29:00,0.0,0.0,0.0,0.0,0.0,0.0,0.0,0.0,0.0,0.0,0,0,0,0,E2.5_TP1.0_SL1.5,2.5,1.0,1.5
SBIN,2025-02-17 11:19:00,2025-09-30 15:29:00,-121068.99999999936,0.0,-121068.99999999936,42534.0000000014,1328.1090601614123,41205.890939839985,23630.000000000007,24908.8,42534.0000000014,78283.79468528788,182,404768,40,0,E2.5_TP1.0_SL1.5,2.5,1.0,1.5
SHREECEM,2025-02-17 11:19:00,2025-09-30 15:29:00,-695730.0,0.0,-695730.0,356020.0,275362.32155600004,80657.67844399995,157990.0,136850.0,356020.0,99425.28850799995,370,20720,40,-40,E2.5_TP1.0_SL1.5,2.5,1.0,1.5
SHRIRAMFIN,2025-02-17 11:19:00,2025-09-30 15:29:00,0.0,0.0,0.0,0.0,0.0,0.0,0.0,0.0,0.0,0.0,0,0,0,0,E2.5_TP1.0_SL1.5,2.5,1.0,1.5
SIEMENS,2025-02-17 11:19:00,2025-09-30 15:29:00,142403.24999999994,0.0,142403.24999999994,177123.37499999962,150381.18406574964,26742.190934249997,38618.25,68487.375,177123.37499999962,69330.04715505053,172,56760,40,0,E2.5_TP1.0_SL1.5,2.5,1.0,1.5
SOLARINDS,2025-02-17 11:19:00,2025-09-30 15:29:00,0.0,0.0,0.0,0.0,0.0,0.0,0.0,0.0,0.0,0.0,0,0,0,0,E2.5_TP1.0_SL1.5,2.5,1.0,1.5
SONACOMS,2025-02-17 11:19:00,2025-09-30 15:29:00,329200.6499999961,0.0,329200.6499999961,34818.899999994814,-10836.504324485191,45655.404324480005,90288.15,99346.05,34818.899999994814,139463.4434781114,218,724632,0,-40,E2.5_TP1.0_SL1.5,2.5,1.0,1.5
SRF,2025-02-17 11:20:00,2025-09-30 15:29:00,-32244.09999999992,0.0,-32244.09999999992,10285.700000000104,7649.689923160102,2636.01007684,4526.0,3438.2999999999997,10285.700000000104,5476.18106992,12,7008,0,-4,E2.5_TP1.0_SL1.5,2.5,1.0,1.5
SUNPHARMA,2025-02-17 11:19:00,2025-09-30 15:29:00,0.0,0.0,0.0,0.0,0.0,0.0,0.0,0.0,0.0,0.0,0,0,0,0,E2.5_TP1.0_SL1.5,2.5,1.0,1.5
SUPREMEIND,2025-02-17 11:19:00,2025-09-30 15:29:00,-9911.00000000004,0.0,-9911.00000000004,9151.999999999778,2310.3676023997796,6841.6323975999985,16984.0,32296.0,9151.999999999778,74993.62695439944,34,14960,15,0,E2.5_TP1.0_SL1.5,2.5,1.0,1.5
SUZLON,2025-08-01 11:25:00,2025-09-30 15:29:00,0.0,0.0,0.0,0.0,0.0,0.0,0.0,0.0,0.0,0.0,0,0,0,0,E2.5_TP1.0_SL1.5,2.5,1.0,1.5
SYNGENE,2025-02-17 11:19:00,2025-09-30 15:29:00,0.0,0.0,0.0,0.0,0.0,0.0,0.0,0.0,0.0,0.0,0,0,0,0,E2.5_TP1.0_SL1.5,2.5,1.0,1.5
360ONE,2025-06-27 11:19:00,2025-09-30 15:29:00,-20471.399999999787,0.0,-20471.399999999787,9901.200000000426,7715.985290700426,2185.2147093,4114.35,4649.550000000001,9901.200000000426,5900.559167340273,12,16056,0,-4,E2.5_TP1.0_SL2.0,2.5,1.0,2.0
GAIL,2025-02-17 11:19:00,2025-09-30 15:29:00,9356.619999999804,0.0,9356.619999999804,146931.71999999968,113392.63049285566,33539.08950714402,36165.48,46001.280000000035,146931.71999999968,61281.615323968035,142,1432496,40,0,E2.5_TP1.0_SL2.0,2.5,1.0,2.0
GLENMARK,2025-02-17 11:19:00,2025-09-30 15:29:00,0.0,0.0,0.0,0.0,0.0,0.0,0.0,0.0,0.0,0.0,0,0,0,0,E2.5_TP1.0_SL2.0,2.5,1.0,2.0
GMRAIRPORT,2025-02-17 11:19:00,2025-09-30 15:29:00,0.0,0.0,0.0,0.0,0.0,0.0,0.0,0.0,0.0,0.0,0,0,0,0,E2.5_TP1.0_SL2.0,2.5,1.0,2.0
GODREJCP,2025-02-17 11:20:00,2025-09-30 15:29:00,-12003.55000000025,-0.0,-12003.55000000025,79269.44999999907,43514.843322469074,35754.60667752999,60918.974999999984,101991.82500000004,79269.44999999907,138682.0363864,148,227032,40,-1,E2.5_TP1.0_SL2.0,2.5,1.0,2.0
GODREJPROP,2025-02-17 11:19:00,2025-09-30 15:29:00,0.0,0.0,0.0,0.0,0.0,0.0,0.0,0.0,0.0,0.0,0,0,0,0,E2.5_TP1.0_SL2.0,2.5,1.0,2.0
GRASIM,2025-02-17 11:19:00,2025-09-30 15:29:00,0.0,0.0,0.0,0.0,0.0,0.0,0.0,0.0,0.0,0.0,0,0,0,0,E2.5_TP1.0_SL2.0,2.5,1.0,2.0
LAURUSLABS,2025-02-17 11:19:00,2025-09-30 15:29:00,0.0,0.0,0.0,0.0,0.0,0.0,0.0,0.0,0.0,0.0,0,0,0,0,E2.5_TP1.0_SL2.0,2.5,1.0,2.0
LICHSGFIN,2025-02-17 11:19:00,2025-09-30 15:29:00,-212995.12499999997,0.0,-212995.12499999997,-116637.49999999984,-135759.52502734982,19122.02502734999,24907.75,49213.5,-116637.49999999984,209704.9424910955,80,240800,40,0,E2.5_TP1.0_SL2.0,2.5,1.0,2.0
LICI,2025-02-17 11:19:00,2025-09-30 15:29:00,-251375.3999999993,0.0,-251375.3999999993,-7832.249999999207,-31369.005858599212,23536.755858600005,30744.900000000005,79888.94999999995,-7832.249999999207,52620.10179389992,92,195408,40,0,E2.5_TP1.0_SL2.0,2.5,1.0,2.0
LODHA,2025-02-17 11:19:00,2025-09-30 15:29:00,-9924.199999999182,0.0,-9924.199999999182,40286.700000000914,34920.40741836091,5366.29258164,17193.85,9698.65,40286.700000000914,11839.819968080375,22,30536,0,-7,E2.5_TP1.0_SL2.0,2.5,1.0,2.0
LT,2025-02-17 11:19:00,2025-09-30 15:29:00,-133351.95000000027,0.0,-133351.95000000027,-121935.3000000003,-139649.9751662403,17714.67516624,10246.349999999997,15574.95,-121935.3000000003,147125.13611454042,80,39840,40,0,E2.5_TP1.0_SL2.0,2.5,1.0,2.0
LTF,2025-02-17 11:19:00,2025-09-30 15:29:00,-116663.04000000012,0.0,-116663.04000000012,2833.9199999994307,-11280.082669632571,14114.002669632002,19247.04,18656.64,2833.9199999994307,45353.66866099338,50,590400,0,-12,E2.5_TP1.0_SL2.0,2.5,1.0,2.0
LTIM,2025-02-17 11:20:00,2025-09-30 15:29:00,49698.399999999965,-0.0,49698.399999999965,152423.99999999977,115219.90286447977,37204.09713552001,53633.09999999999,72832.1,152423.99999999977,222671.61957196204,202,58984,40,0,E2.5_TP1.0_SL2.0,2.5,1.0,2.0
LUPIN,2025-02-17 11:19:00,2025-09-30 15:29:00,17360.00000000022,0.0,17360.00000000022,26520.000000000255,12984.001024000256,13535.998976,13780.0,27780.0,26520.000000000255,38169.86465599889,66,52800,31,-1,E2.5_TP1.0_SL2.0,2.5,1.0,2.0
SAIL,2025-02-17 11:19:00,2025-09-30 15:29:00,-232213.01999999984,0.0,-232213.01999999984,-104976.17999999983,-125120.87361943183,20144.693619432004,27931.92000000001,41627.819999999985,-104976.17999999983,141960.44700288054,82,1265424,40,0,E2.5_TP1.0_SL2.0,2.5,1.0,2.0
SBICARD,2025-02-17 11:19:00,2025-09-30 15:29:00,-151900.92499999984,-0.0,-151900.92499999984,192222.77500000072,156080.2763023207,36142.49869768,43356.575000000026,78291.20000000001,192222.77500000072,41110.729153890425,164,308648,40,-2,E2.5_TP1.0_SL2.0,2.5,1.0,2.0
SBILIFE,2025-02-17 11:19:00,2025-09-30 15:29:00,0.0,0.0,0.0,0.0,0.0,0.0,0.0,0.0,0.0,0.0,0,0,0,0,E2.5_TP1.0_SL2.0,2.5,1.0,2.0
SBIN,2025-02-17 11:19:00,2025-09-30 15:29:00,-81731.99999999935,0.0,-81731.99999999935,85012.40000000162,47519.29992968163,37493.10007032,22156.60000000001,23880.200000000015,85012.40000000162,78283.79468528788,166,369184,40,0,E2.5_TP1.0_SL2.0,2.5,1.0,2.0
SHREECEM,2025-02-17 11:19:00,2025-09-30 15:29:00,-695730.0,0.0,-695730.0,364350.0,283692.50117600005,80657.49882399995,158830.0,138180.0,364350.0,99425.28850799995,370,20720,40,-40,E2.5_TP1.0_SL2.0,2.5,1.0,2.0
SHRIRAMFIN,2025-02-17 11:19:00,2025-09-30 15:29:00,0.0,0.0,0.0,0.0,0.0,0.0,0.0,0.0,0.0,0.0,0,0,0,0,E2.5_TP1.0_SL2.0,2.5,1.0,2.0
SIEMENS,2025-02-17 11:19:00,2025-09-30 15:29:00,146511.74999999988,0.0,146511.74999999988,179722.12499999965,153551.36237924965,26170.762620749996,37026.0,67134.375,179722.12499999965,69330.04715505053,168,55440,40,0,E2.5_TP1.0_SL2.0,2.5,1.0,2.0
SOLARINDS,2025-02-17 11:19:00,2025-09-30 15:29:00,0.0,0.0,0.0,0.0,0.0,0.0,0.0,0.0,0.0,0.0,0,0,0,0,E2.5_TP1.0_SL2.0,2.5,1.0,2.0
SONACOMS,2025-02-17 11:19:00,2025-09-30 15:29:00,342371.99999999546,0.0,342371.99999999546,47325.44999999413,-4037.0504527258818,51362.500452720014,99720.0,111312.45000000004,47325.44999999413,132663.9896063521,246,817704,0,-40,E2.5_TP1.0_SL2.0,2.5,1.0,2.0
SRF,2025-02-17 11:20:00,2025-09-30 15:29:00,-32244.09999999992,0.0,-32244.09999999992,10285.700000000104,7649.689923160102,2636.01007684,4526.0,3438.2999999999997,10285.700000000104,5476.18106992,12,7008,0,-4,E2.5_TP1.0_SL2.0,2.5,1.0,2.0
SUNPHARMA,2025-02-17 11:19:00,2025-09-30 15:29:00,0.0,0.0,0.0,0.0,0.0,0.0,0.0,0.0,0.0,0.0,0,0,0,0,E2.5_TP1.0_SL2.0,2.5,1.0,2.0
SUPREMEIND,2025-02-17 11:19:00,2025-09-30 15:29:00,-9570.0000000001,0.0,-9570.0000000001,10559.999999999698,3312.0317515996994,7247.968248399999,17908.0,34210.0,10559.999999999698,86411.62695439937,36,15840,17,0,E2.5_TP1.0_SL2.0,2.5,1.0,2.0
SUZLON,2025-08-01 11:25:00,2025-09-30 15:29:00,0.0,0.0,0.0,0.0,0.0,0.0,0.0,0.0,0.0,0.0,0,0,0,0,E2.5_TP1.0_SL2.0,2.5,1.0,2.0
SYNGENE,2025-02-17 11:19:00,2025-09-30 15:29:00,0.0,0.0,0.0,0.0,0.0,0.0,0.0,0.0,0.0,0.0,0,0,0,0,E2.5_TP1.0_SL2.0,2.5,1.0,2.0
360ONE,2025-06-27 11:19:00,2025-09-30 15:29:00,-221505.89999999493,0.0,-221505.89999999493,70880.55000000655,44957.39227908655,25923.157720920004,47866.95000000001,60210.00000000003,70880.55000000655,24157.568752558134,142,189996,0,-40,E1.5_TP1.0_SL1.5,1.5,1.0,1.5
GAIL,2025-02-17 11:19:00,2025-09-30 15:29:00,-53214.19999999977,0.0,-53214.19999999977,80502.23999999918,46767.33729823918,33734.902701759995,42445.259999999995,40629.42,80502.23999999918,368146.56321955007,146,1472848,40,-23,E1.5_TP1.0_SL1.5,1.5,1.0,1.5
GLENMARK,2025-02-17 11:19:00,2025-09-30 15:29:00,0.0,0.0,0.0,0.0,0.0,0.0,0.0,0.0,0.0,0.0,0,0,0,0,E1.5_TP1.0_SL1.5,1.5,1.0,1.5
GMRAIRPORT,2025-02-17 11:19:00,2025-09-30 15:29:00,0.0,0.0,0.0,0.0,0.0,0.0,0.0,0.0,0.0,0.0,0,0,0,0,E1.5_TP1.0_SL1.5,1.5,1.0,1.5
GODREJCP,2025-02-17 11:20:00,2025-09-30 15:29:00,8762.975000001203,-0.0,8762.975000001203,55300.69999999999,-9832.723092400018,65133.42309240001,91522.275,147743.375,55300.69999999999,170214.33256958562,268,411112,40,-3,E1.5_TP1.0_SL1.5,1.5,1.0,1.5
GODREJPROP,2025-02-17 11:19:00,2025-09-30 15:29:00,0.0,0.0,0.0,0.0,0.0,0.0,0.0,0.0,0.0,0.0,0,0,0,0,E1.5_TP1.0_SL1.5,1.5,1.0,1.5
GRASIM,2025-02-17 11:19:00,2025-09-30 15:29:00,-110057.60000000177,0.0,-110057.60000000177,67530.89999999866,28764.088439118663,38766.81156087999,46585.399999999994,55305.900000000016,67530.89999999866,99398.68143427654,166,108232,40,-40,E1.5_TP1.0_SL1.5,1.5,1.0,1.5
LAURUSLABS,2025-02-17 11:19:00,2025-09-30 15:29:00,0.0,0.0,0.0,0.0,0.0,0.0,0.0,0.0,0.0,0.0,0,0,0,0,E1.5_TP1.0_SL1.5,1.5,1.0,1.5
LICHSGFIN,2025-02-17 11:19:00,2025-09-30 15:29:00,-558355.0000000003,0.0,-558355.0000000003,-179696.99999999997,-223911.14959745,44214.149597450014,70923.125,80780.875,-179696.99999999997,242577.98153540204,194,583940,40,-40,E1.5_TP1.0_SL1.5,1.5,1.0,1.5
LICI,2025-02-17 11:19:00,2025-09-30 15:29:00,-685282.050000004,0.0,-685282.050000004,-54772.65000000408,-137260.24468326409,82487.59468326,117696.15000000008,157069.8000000001,-54772.65000000408,303574.2336766756,346,734904,40,-40,E1.5_TP1.0_SL1.5,1.5,1.0,1.5
LODHA,2025-02-17 11:19:00,2025-09-30 15:29:00,-124763.84999999628,0.0,-124763.84999999628,165866.0000000036,102880.5919556636,62985.40804434,127938.89999999997,121450.0,165866.0000000036,348509.4931390331,254,352552,2,-40,E1.5_TP1.0_SL1.5,1.5,1.0,1.5
LT,2025-02-17 11:19:00,2025-09-30 15:29:00,-155164.34999999922,0.0,-155164.34999999922,-124549.79999999894,-146790.29387249897,22240.49387250001,30813.750000000004,21252.15,-124549.79999999894,249807.06435767817,100,49800,40,-3,E1.5_TP1.0_SL1.5,1.5,1.0,1.5
LTF,2025-02-17 11:19:00,2025-09-30 15:29:00,-192913.19999999937,0.0,-192913.19999999937,-255997.43999999992,-341407.60971263994,85410.16971264001,132397.19999999998,142197.84000000003,-255997.43999999992,575679.8943080647,294,3471552,0,-40,E1.5_TP1.0_SL1.5,1.5,1.0,1.5
LTIM,2025-02-17 11:20:00,2025-09-30 15:29:00,-32448.50000000013,-0.0,-32448.50000000013,22513.19999999972,-30676.229380440294,53189.429380440015,77292.4,102857.0,22513.19999999972,200181.0293276,282,82344,40,-1,E1.5_TP1.0_SL1.5,1.5,1.0,1.5
LUPIN,2025-02-17 11:19:00,2025-09-30 15:29:00,-215739.9999999999,0.0,-215739.9999999999,127320.0,77408.764792,49911.23520799999,55700.0,91540.0,127320.0,91460.17879200212,252,201600,40,-40,E1.5_TP1.0_SL1.5,1.5,1.0,1.5
SAIL,2025-02-17 11:19:00,2025-09-30 15:29:00,-582866.6400000029,0.0,-582866.6400000029,-48996.60000000362,-97533.22873087563,48536.62873087203,96681.47999999998,102468.47999999998,-48996.60000000362,149589.46055342577,206,3178992,40,-40,E1.5_TP1.0_SL1.5,1.5,1.0,1.5
SBICARD,2025-02-17 11:19:00,2025-09-30 15:29:00,-653971.4749999997,-0.0,-653971.4749999997,-235720.4999999997,-290279.9230414797,54559.42304148001,93441.30000000006,115648.89999999998,-235720.4999999997,349534.83164136956,254,478028,40,-40,E1.5_TP1.0_SL1.5,1.5,1.0,1.5
SBILIFE,2025-02-17 11:19:00,2025-09-30 15:29:00,0.0,0.0,0.0,0.0,0.0,0.0,0.0,0.0,0.0,0.0,0,0,0,0,E1.5_TP1.0_SL1.5,1.5,1.0,1.5
SBIN,2025-02-17 11:19:00,2025-09-30 15:29:00,-86124.40000000005,0.0,-86124.40000000005,-128741.80000000053,-169556.60503232048,40814.805032319986,21850.799999999992,24436.200000000008,-128741.80000000053,244825.71096111817,178,395872,40,-5,E1.5_TP1.0_SL1.5,1.5,1.0,1.5
SHREECEM,2025-02-17 11:19:00,2025-09-30 15:29:00,-1374912.6999999993,0.0,-1374912.6999999993,418705.0000000011,209798.50863720095,208906.4913628002,335293.7,395377.5,418705.0000000011,342221.28513999993,968,54208,40,-40,E1.5_TP1.0_SL1.5,1.5,1.0,1.5
SHRIRAMFIN,2025-02-17 11:19:00,2025-09-30 15:29:00,83337.50000000554,0.0,83337.50000000554,37059.37500000488,13153.524354254883,23905.850645749997,25406.875,30532.5,37059.37500000488,140251.248554,94,277300,40,-1,E1.5_TP1.0_SL1.5,1.5,1.0,1.5
SIEMENS,2025-02-17 11:19:00,2025-09-30 15:29:00,81406.8749999988,0.0,81406.8749999988,24366.37499999905,-16649.806453500936,41016.18145349999,54936.75,87800.625,24366.37499999905,141891.01666410058,274,90420,40,-1,E1.5_TP1.0_SL1.5,1.5,1.0,1.5
SOLARINDS,2025-02-17 11:19:00,2025-09-30 15:29:00,0.0,0.0,0.0,0.0,0.0,0.0,0.0,0.0,0.0,0.0,0,0,0,0,E1.5_TP1.0_SL1.5,1.5,1.0,1.5
SONACOMS,2025-02-17 11:19:00,2025-09-30 15:29:00,787704.9000000022,0.0,787704.9000000022,65358.15000000246,-9917.203494357564,75275.35349436002,115467.4500000001,279880.8000000001,65358.15000000246,377808.16625154053,374,1243176,0,-40,E1.5_TP1.0_SL1.5,1.5,1.0,1.5
SRF,2025-02-17 11:20:00,2025-09-30 15:29:00,-219810.2999999967,0.0,-219810.2999999967,39142.60000000358,21119.911020803575,18022.6889792,28302.1,15702.3,39142.60000000358,23105.43085804134,82,47888,0,-40,E1.5_TP1.0_SL1.5,1.5,1.0,1.5
SUNPHARMA,2025-02-17 11:19:00,2025-09-30 15:29:00,0.0,0.0,0.0,0.0,0.0,0.0,0.0,0.0,0.0,0.0,0,0,0,0,E1.5_TP1.0_SL1.5,1.5,1.0,1.5
SUPREMEIND,2025-02-17 11:19:00,2025-09-30 15:29:00,7512.99999999932,0.0,7512.99999999932,176802.99999999953,147856.61602799952,28946.383972000007,68948.0,95667.0,176802.99999999953,263222.5327292001,128,56320,40,-12,E1.5_TP1.0_SL1.5,1.5,1.0,1.5
SUZLON,2025-08-01 11:25:00,2025-09-30 15:29:00,0.0,0.0,0.0,0.0,0.0,0.0,0.0,0.0,0.0,0.0,0,0,0,0,E1.5_TP1.0_SL1.5,1.5,1.0,1.5
SYNGENE,2025-02-17 11:19:00,2025-09-30 15:29:00,0.0,0.0,0.0,0.0,0.0,0.0,0.0,0.0,0.0,0.0,0,0,0,0,E1.5_TP1.0_SL1.5,1.5,1.0,1.5
360ONE,2025-06-27 11:19:00,2025-09-30 15:29:00,0.0,0.0,0.0,0.0,0.0,0.0,0.0,0.0,0.0,0.0,0,0,0,0,E2.5_TP0.5_SL1.5,2.5,0.5,1.5
GAIL,2025-02-17 11:19:00,2025-09-30 15:29:00,0.0,0.0,0.0,0.0,0.0,0.0,0.0,0.0,0.0,0.0,0,0,0,0,E2.5_TP0.5_SL1.5,2.5,0.5,1.5
GLENMARK,2025-02-17 11:19:00,2025-09-30 15:29:00,0.0,0.0,0.0,0.0,0.0,0.0,0.0,0.0,0.0,0.0,0,0,0,0,E2.5_TP0.5_SL1.5,2.5,0.5,1.5
GMRAIRPORT,2025-02-17 11:19:00,2025-09-30 15:29:00,0.0,0.0,0.0,0.0,0.0,0.0,0.0,0.0,0.0,0.0,0,0,0,0,E2.5_TP0.5_SL1.5,2.5,0.5,1.5
GODREJCP,2025-02-17 11:20:00,2025-09-30 15:29:00,0.0,-0.0,0.0,0.0,0.0,0.0,0.0,0.0,0.0,0.0,0,0,0,0,E2.5_TP0.5_SL1.5,2.5,0.5,1.5
GODREJPROP,2025-02-17 11:19:00,2025-09-30 15:29:00,0.0,0.0,0.0,0.0,0.0,0.0,0.0,0.0,0.0,0.0,0,0,0,0,E2.5_TP0.5_SL1.5,2.5,0.5,1.5
GRASIM,2025-02-17 11:19:00,2025-09-30 15:29:00,0.0,0.0,0.0,0.0,0.0,0.0,0.0,0.0,0.0,0.0,0,0,0,0,E2.5_TP0.5_SL1.5,2.5,0.5,1.5
LAURUSLABS,2025-02-17 11:19:00,2025-09-30 15:29:00,0.0,0.0,0.0,0.0,0.0,0.0,0.0,0.0,0.0,0.0,0,0,0,0,E2.5_TP0.5_SL1.5,2.5,0.5,1.5
LICHSGFIN,2025-02-17 11:19:00,2025-09-30 15:29:00,0.0,0.0,0.0,0.0,0.0,0.0,0.0,0.0,0.0,0.0,0,0,0,0,E2.5_TP0.5_SL1.5,2.5,0.5,1.5
LICI,2025-02-17 11:19:00,2025-09-30 15:29:00,-136679.3999999999,0.0,-136679.3999999999,16487.550000000352,3984.037627320353,12503.51237268,13089.150000000003,36639.00000000001,16487.550000000352,58780.64143026045,48,101952,24,0,E2.5_TP0.5_SL1.5,2.5,0.5,1.5
LODHA,2025-02-17 11:19:00,2025-09-30 15:29:00,-29807.299999999243,0.0,-29807.299999999243,6072.5000000009495,2463.433573400949,3609.0664266,8154.499999999999,5413.2,6072.5000000009495,18003.189829679242,14,19432,0,-7,E2.5_TP0.5_SL1.5,2.5,0.5,1.5
LT,2025-02-17 11:19:00,2025-09-30 15:29:00,-8602.949999999932,0.0,-8602.949999999932,5241.450000000158,3878.2843110001577,1363.1656890000002,883.95,1220.1,5241.450000000158,2495.3667567600905,6,2988,2,0,E2.5_TP0.5_SL1.5,2.5,0.5,1.5
LTF,2025-02-17 11:19:00,2025-09-30 15:29:00,-58154.40000000081,0.0,-58154.40000000081,-12280.320000000924,-17484.593175936923,5204.273175936,6523.92,7291.44,-12280.320000000924,17484.593175936923,20,236160,0,-10,E2.5_TP0.5_SL1.5,2.5,0.5,1.5
LTIM,2025-02-17 11:20:00,2025-09-30 15:29:00,0.0,-0.0,0.0,0.0,0.0,0.0,0.0,0.0,0.0,0.0,0,0,0,0,E2.5_TP0.5_SL1.5,2.5,0.5,1.5
LUPIN,2025-02-17 11:19:00,2025-09-30 15:29:00,0.0,0.0,0.0,0.0,0.0,0.0,0.0,0.0,0.0,0.0,0,0,0,0,E2.5_TP0.5_SL1.5,2.5,0.5,1.5
SAIL,2025-02-17 11:19:00,2025-09-30 15:29:00,0.0,0.0,0.0,0.0,0.0,0.0,0.0,0.0,0.0,0.0,0,0,0,0,E2.5_TP0.5_SL1.5,2.5,0.5,1.5
SBICARD,2025-02-17 11:19:00,2025-09-30 15:29:00,-9386.47500000002,-0.0,-9386.47500000002,3834.5750000000417,2994.8716174400415,839.70338256,1058.625,1129.2,3834.5750000000417,210.3846207800009,4,7528,0,-1,E2.5_TP0.5_SL1.5,2.5,0.5,1.5
SBILIFE,2025-02-17 11:19:00,2025-09-30 15:29:00,0.0,0.0,0.0,0.0,0.0,0.0,0.0,0.0,0.0,0.0,0,0,0,0,E2.5_TP0.5_SL1.5,2.5,0.5,1.5
SBIN,2025-02-17 11:19:00,2025-09-30 15:29:00,0.0,0.0,0.0,0.0,0.0,0.0,0.0,0.0,0.0,0.0,0,0,0,0,E2.5_TP0.5_SL1.5,2.5,0.5,1.5
SHREECEM,2025-02-17 11:19:00,2025-09-30 15:29:00,0.0,0.0,0.0,0.0,0.0,0.0,0.0,0.0,0.0,0.0,0,0,0,0,E2.5_TP0.5_SL1.5,2.5,0.5,1.5
SHRIRAMFIN,2025-02-17 11:19:00,2025-09-30 15:29:00,0.0,0.0,0.0,0.0,0.0,0.0,0.0,0.0,0.0,0.0,0,0,0,0,E2.5_TP0.5_SL1.5,2.5,0.5,1.5
SIEMENS,2025-02-17 11:19:00,2025-09-30 15:29:00,0.0,0.0,0.0,0.0,0.0,0.0,0.0,0.0,0.0,0.0,0,0,0,0,E2.5_TP0.5_SL1.5,2.5,0.5,1.5
SOLARINDS,2025-02-17 11:19:00,2025-09-30 15:29:00,0.0,0.0,0.0,0.0,0.0,0.0,0.0,0.0,0.0,0.0,0,0,0,0,E2.5_TP0.5_SL1.5,2.5,0.5,1.5
SONACOMS,2025-02-17 11:19:00,2025-09-30 15:29:00,330073.1999999964,0.0,330073.1999999964,35691.449999995086,-9961.80065502492,45653.250655020005,90537.45,99304.5,35691.449999995086,210151.20700873257,218,724632,0,-40,E2.5_TP0.5_SL1.5,2.5,0.5,1.5
SRF,2025-02-17 11:20:00,2025-09-30 15:29:00,0.0,0.0,0.0,0.0,0.0,0.0,0.0,0.0,0.0,0.0,0,0,0,0,E2.5_TP0.5_SL1.5,2.5,0.5,1.5
SUNPHARMA,2025-02-17 11:19:00,2025-09-30 15:29:00,0.0,0.0,0.0,0.0,0.0,0.0,0.0,0.0,0.0,0.0,0,0,0,0,E2.5_TP0.5_SL1.5,2.5,0.5,1.5
SUPREMEIND,2025-02-17 11:19:00,2025-09-30 15:29:00,0.0,0.0,0.0,0.0,0.0,0.0,0.0,0.0,0.0,0.0,0,0,0,0,E2.5_TP0.5_SL1.5,2.5,0.5,1.5
SUZLON,2025-08-01 11:25:00,2025-09-30 15:29:00,0.0,0.0,0.0,0.0,0.0,0.0,0.0,0.0,0.0,0.0,0,0,0,0,E2.5_TP0.5_SL1.5,2.5,0.5,1.5
SYNGENE,2025-02-17 11:19:00,2025-09-30 15:29:00,0.0,0.0,0.0,0.0,0.0,0.0,0.0,0.0,0.0,0.0,0,0,0,0,E2.5_TP0.5_SL1.5,2.5,0.5,1.5
360ONE,2025-06-27 11:19:00,2025-09-30 15:29:00,0.0,0.0,0.0,0.0,0.0,0.0,0.0,0.0,0.0,0.0,0,0,0,0,E1.5_TP0.5_SL2.0,1.5,0.5,2.0
GAIL,2025-02-17 11:19:00,2025-09-30 15:29:00,0.0,0.0,0.0,0.0,0.0,0.0,0.0,0.0,0.0,0.0,0,0,0,0,E1.5_TP0.5_SL2.0,1.5,0.5,2.0
GLENMARK,2025-02-17 11:19:00,2025-09-30 15:29:00,0.0,0.0,0.0,0.0,0.0,0.0,0.0,0.0,0.0,0.0,0,0,0,0,E1.5_TP0.5_SL2.0,1.5,0.5,2.0
GMRAIRPORT,2025-02-17 11:19:00,2025-09-30 15:29:00,0.0,0.0,0.0,0.0,0.0,0.0,0.0,0.0,0.0,0.0,0,0,0,0,E1.5_TP0.5_SL2.0,1.5,0.5,2.0
GODREJCP,2025-02-17 11:20:00,2025-09-30 15:29:00,0.0,-0.0,0.0,0.0,0.0,0.0,0.0,0.0,0.0,0.0,0,0,0,0,E1.5_TP0.5_SL2.0,1.5,0.5,2.0
GODREJPROP,2025-02-17 11:19:00,2025-09-30 15:29:00,0.0,0.0,0.0,0.0,0.0,0.0,0.0,0.0,0.0,0.0,0,0,0,0,E1.5_TP0.5_SL2.0,1.5,0.5,2.0
GRASIM,2025-02-17 11:19:00,2025-09-30 15:29:00,0.0,0.0,0.0,0.0,0.0,0.0,0.0,0.0,0.0,0.0,0,0,0,0,E1.5_TP0.5_SL2.0,1.5,0.5,2.0
LAURUSLABS,2025-02-17 11:19:00,2025-09-30 15:29:00,0.0,0.0,0.0,0.0,0.0,0.0,0.0,0.0,0.0,0.0,0,0,0,0,E1.5_TP0.5_SL2.0,1.5,0.5,2.0
LICHSGFIN,2025-02-17 11:19:00,2025-09-30 15:29:00,-541762.3750000005,0.0,-541762.3750000005,-127511.12499999984,-170221.03388499984,42709.908885,69342.875,79840.25,-127511.12499999984,194202.8438472499,188,565880,40,-40,E1.5_TP0.5_SL2.0,1.5,0.5,2.0
LICI,2025-02-17 11:19:00,2025-09-30 15:29:00,-277181.999999999,0.0,-277181.999999999,-45586.34999999925,-66395.22063929925,20808.870639300003,23310.9,47338.65000000001,-45586.34999999925,123476.1565787991,80,169920,40,0,E1.5_TP0.5_SL2.0,1.5,0.5,2.0
LODHA,2025-02-17 11:19:00,2025-09-30 15:29:00,-364419.3999999964,0.0,-364419.3999999964,-167149.8999999964,-219040.7655640364,51890.86556404,82065.49999999996,98270.40000000002,-167149.8999999964,326998.14159571304,202,280376,0,-40,E1.5_TP0.5_SL2.0,1.5,0.5,2.0
LT,2025-02-17 11:19:00,2025-09-30 15:29:00,-140871.75,0.0,-140871.75,17405.09999999983,-2312.0454369601757,19717.145436960007,13558.049999999994,15276.149999999996,17405.09999999983,22886.985674882773,86,42828,40,-3,E1.5_TP0.5_SL2.0,1.5,0.5,2.0
LTF,2025-02-17 11:19:00,2025-09-30 15:29:00,434445.839999999,0.0,434445.839999999,184972.31999999893,132881.62440441496,52090.69559558397,82862.63999999997,122478.47999999992,184972.31999999893,205305.5768100532,192,2267136,0,-40,E1.5_TP0.5_SL2.0,1.5,0.5,2.0
LTIM,2025-02-17 11:20:00,2025-09-30 15:29:00,0.0,-0.0,0.0,0.0,0.0,0.0,0.0,0.0,0.0,0.0,0,0,0,0,E1.5_TP0.5_SL2.0,1.5,0.5,2.0
LUPIN,2025-02-17 11:19:00,2025-09-30 15:29:00,0.0,0.0,0.0,0.0,0.0,0.0,0.0,0.0,0.0,0.0,0,0,0,0,E1.5_TP0.5_SL2.0,1.5,0.5,2.0
SAIL,2025-02-17 11:19:00,2025-09-30 15:29:00,-24575.46000000013,0.0,-24575.46000000013,-5709.84000000007,-8138.61473352007,2428.77473352,3433.62,4591.0199999999995,-5709.84000000007,8138.61473352007,10,154320,2,0,E1.5_TP0.5_SL2.0,1.5,0.5,2.0
SBICARD,2025-02-17 11:19:00,2025-09-30 15:29:00,-221182.04999999996,-0.0,-221182.04999999996,-42815.49999999977,-60871.68220739976,18056.182207399997,29076.9,23148.599999999995,-42815.49999999977,67945.88194620171,86,161852,0,-40,E1.5_TP0.5_SL2.0,1.5,0.5,2.0
SBILIFE,2025-02-17 11:19:00,2025-09-30 15:29:00,0.0,0.0,0.0,0.0,0.0,0.0,0.0,0.0,0.0,0.0,0,0,0,0,E1.5_TP0.5_SL2.0,1.5,0.5,2.0
SBIN,2025-02-17 11:19:00,2025-09-30 15:29:00,0.0,0.0,0.0,0.0,0.0,0.0,0.0,0.0,0.0,0.0,0,0,0,0,E1.5_TP0.5_SL2.0,1.5,0.5,2.0
SHREECEM,2025-02-17 11:19:00,2025-09-30 15:29:00,-106721.9999999992,0.0,-106721.9999999992,146265.7000000012,107290.1875505612,38975.51244944001,54684.0,61308.1,146265.7000000012,66686.32310731828,180,10080,0,-40,E1.5_TP0.5_SL2.0,1.5,0.5,2.0
SHRIRAMFIN,2025-02-17 11:19:00,2025-09-30 15:29:00,0.0,0.0,0.0,0.0,0.0,0.0,0.0,0.0,0.0,0.0,0,0,0,0,E1.5_TP0.5_SL2.0,1.5,0.5,2.0
SIEMENS,2025-02-17 11:19:00,2025-09-30 15:29:00,0.0,0.0,0.0,0.0,0.0,0.0,0.0,0.0,0.0,0.0,0,0,0,0,E1.5_TP0.5_SL2.0,1.5,0.5,2.0
SOLARINDS,2025-02-17 11:19:00,2025-09-30 15:29:00,0.0,0.0,0.0,0.0,0.0,0.0,0.0,0.0,0.0,0.0,0,0,0,0,E1.5_TP0.5_SL2.0,1.5,0.5,2.0
SONACOMS,2025-02-17 11:19:00,2025-09-30 15:29:00,946882.9500000008,0.0,946882.9500000008,49569.15000000061,-46124.866439639336,95694.01643963996,158596.35000000012,325253.39999999985,49569.15000000061,378342.33813726134,470,1562280,0,-40,E1.5_TP0.5_SL2.0,1.5,0.5,2.0
SRF,2025-02-17 11:20:00,2025-09-30 15:29:00,0.0,0.0,0.0,0.0,0.0,0.0,0.0,0.0,0.0,0.0,0,0,0,0,E1.5_TP0.5_SL2.0,1.5,0.5,2.0
SUNPHARMA,2025-02-17 11:19:00,2025-09-30 15:29:00,0.0,0.0,0.0,0.0,0.0,0.0,0.0,0.0,0.0,0.0,0,0,0,0,E1.5_TP0.5_SL2.0,1.5,0.5,2.0
SUPREMEIND,2025-02-17 11:19:00,2025-09-30 15:29:00,-824.9999999999,0.0,-824.9999999999,26301.00000000004,21304.518158000043,4996.481841999999,12287.0,18744.0,26301.00000000004,18608.197374800417,24,10560,8,0,E1.5_TP0.5_SL2.0,1.5,0.5,2.0
SUZLON,2025-08-01 11:25:00,2025-09-30 15:29:00,0.0,0.0,0.0,0.0,0.0,0.0,0.0,0.0,0.0,0.0,0,0,0,0,E1.5_TP0.5_SL2.0,1.5,0.5,2.0
SYNGENE,2025-02-17 11:19:00,2025-09-30 15:29:00,0.0,0.0,0.0,0.0,0.0,0.0,0.0,0.0,0.0,0.0,0,0,0,0,E1.5_TP0.5_SL2.0,1.5,0.5,2.0
360ONE,2025-06-27 11:19:00,2025-09-30 15:29:00,0.0,0.0,0.0,0.0,0.0,0.0,0.0,0.0,0.0,0.0,0,0,0,0,E2.0_TP0.5_SL1.5,2.0,0.5,1.5
GAIL,2025-02-17 11:19:00,2025-09-30 15:29:00,0.0,0.0,0.0,0.0,0.0,0.0,0.0,0.0,0.0,0.0,0,0,0,0,E2.0_TP0.5_SL1.5,2.0,0.5,1.5
GLENMARK,2025-02-17 11:19:00,2025-09-30 15:29:00,0.0,0.0,0.0,0.0,0.0,0.0,0.0,0.0,0.0,0.0,0,0,0,0,E2.0_TP0.5_SL1.5,2.0,0.5,1.5
GMRAIRPORT,2025-02-17 11:19:00,2025-09-30 15:29:00,0.0,0.0,0.0,0.0,0.0,0.0,0.0,0.0,0.0,0.0,0,0,0,0,E2.0_TP0.5_SL1.5,2.0,0.5,1.5
GODREJCP,2025-02-17 11:20:00,2025-09-30 15:29:00,0.0,-0.0,0.0,0.0,0.0,0.0,0.0,0.0,0.0,0.0,0,0,0,0,E2.0_TP0.5_SL1.5,2.0,0.5,1.5
GODREJPROP,2025-02-17 11:19:00,2025-09-30 15:29:00,0.0,0.0,0.0,0.0,0.0,0.0,0.0,0.0,0.0,0.0,0,0,0,0,E2.0_TP0.5_SL1.5,2.0,0.5,1.5
GRASIM,2025-02-17 11:19:00,2025-09-30 15:29:00,0.0,0.0,0.0,0.0,0.0,0.0,0.0,0.0,0.0,0.0,0,0,0,0,E2.0_TP0.5_SL1.5,2.0,0.5,1.5
LAURUSLABS,2025-02-17 11:19:00,2025-09-30 15:29:00,0.0,0.0,0.0,0.0,0.0,0.0,0.0,0.0,0.0,0.0,0,0,0,0,E2.0_TP0.5_SL1.5,2.0,0.5,1.5
LICHSGFIN,2025-02-17 11:19:00,2025-09-30 15:29:00,-221874.62499999977,0.0,-221874.62499999977,-57904.87499999921,-77852.5592813492,19947.68428134999,26525.625,50568.0,-57904.87499999921,161871.41649734468,84,252840,40,-1,E2.0_TP0.5_SL1.5,2.0,0.5,1.5
LICI,2025-02-17 11:19:00,2025-09-30 15:29:00,-248746.94999999928,0.0,-248746.94999999928,-15000.749999999029,-35715.155325119034,20714.40532512001,25780.05,63348.30000000002,-15000.749999999029,84821.37522839822,80,169920,40,0,E2.0_TP0.5_SL1.5,2.0,0.5,1.5
LODHA,2025-02-17 11:19:00,2025-09-30 15:29:00,-133699.09999999515,0.0,-133699.09999999515,-5343.79999999571,-38560.1575697957,33216.35756979999,55068.9,39870.3,-5343.79999999571,208256.04595483872,128,177664,0,-40,E2.0_TP0.5_SL1.5,2.0,0.5,1.5
LT,2025-02-17 11:19:00,2025-09-30 15:29:00,-140560.50000000023,0.0,-140560.50000000023,8652.749999999634,-10525.167087660362,19177.917087659996,11466.449999999995,17454.899999999998,8652.749999999634,82287.23785524265,84,41832,40,0,E2.0_TP0.5_SL1.5,2.0,0.5,1.5
LTF,2025-02-17 11:19:00,2025-09-30 15:29:00,-110493.36000000151,0.0,-110493.36000000151,-64058.40000000148,-73950.96394569748,9892.563945696,12605.04,14317.2,-64058.40000000148,73950.96394569748,38,448704,0,-19,E2.0_TP0.5_SL1.5,2.0,0.5,1.5
LTIM,2025-02-17 11:20:00,2025-09-30 15:29:00,0.0,-0.0,0.0,0.0,0.0,0.0,0.0,0.0,0.0,0.0,0,0,0,0,E2.0_TP0.5_SL1.5,2.0,0.5,1.5
LUPIN,2025-02-17 11:19:00,2025-09-30 15:29:00,0.0,0.0,0.0,0.0,0.0,0.0,0.0,0.0,0.0,0.0,0,0,0,0,E2.0_TP0.5_SL1.5,2.0,0.5,1.5
SAIL,2025-02-17 11:19:00,2025-09-30 15:29:00,0.0,0.0,0.0,0.0,0.0,0.0,0.0,0.0,0.0,0.0,0,0,0,0,E2.0_TP0.5_SL1.5,2.0,0.5,1.5
SBICARD,2025-02-17 11:19:00,2025-09-30 15:29:00,-215630.14999999997,-0.0,-215630.14999999997,1176.2499999997362,-16074.347207620262,17250.597207619998,32770.325,28253.52499999999,1176.2499999997362,30119.651063979534,82,154324,0,-40,E2.0_TP0.5_SL1.5,2.0,0.5,1.5
SBILIFE,2025-02-17 11:19:00,2025-09-30 15:29:00,0.0,0.0,0.0,0.0,0.0,0.0,0.0,0.0,0.0,0.0,0,0,0,0,E2.0_TP0.5_SL1.5,2.0,0.5,1.5
SBIN,2025-02-17 11:19:00,2025-09-30 15:29:00,0.0,0.0,0.0,0.0,0.0,0.0,0.0,0.0,0.0,0.0,0,0,0,0,E2.0_TP0.5_SL1.5,2.0,0.5,1.5
SHREECEM,2025-02-17 11:19:00,2025-09-30 15:29:00,-14466.899999999878,0.0,-14466.899999999878,1538.6000000001222,238.72742096012232,1299.87257904,699.3000000000001,1644.3000000000002,1538.6000000001222,351.76055908,6,336,0,-3,E2.0_TP0.5_SL1.5,2.0,0.5,1.5
SHRIRAMFIN,2025-02-17 11:19:00,2025-09-30 15:29:00,0.0,0.0,0.0,0.0,0.0,0.0,0.0,0.0,0.0,0.0,0,0,0,0,E2.0_TP0.5_SL1.5,2.0,0.5,1.5
SIEMENS,2025-02-17 11:19:00,2025-09-30 15:29:00,0.0,0.0,0.0,0.0,0.0,0.0,0.0,0.0,0.0,0.0,0,0,0,0,E2.0_TP0.5_SL1.5,2.0,0.5,1.5
SOLARINDS,2025-02-17 11:19:00,2025-09-30 15:29:00,0.0,0.0,0.0,0.0,0.0,0.0,0.0,0.0,0.0,0.0,0,0,0,0,E2.0_TP0.5_SL1.5,2.0,0.5,1.5
SONACOMS,2025-02-17 11:19:00,2025-09-30 15:29:00,639412.9499999969,0.0,639412.9499999969,78197.09999999648,-4412.52153174355,82609.62153174003,138153.74999999985,212777.55,78197.09999999648,389920.15439345816,404,1342896,0,-40,E2.0_TP0.5_SL1.5,2.0,0.5,1.5
SRF,2025-02-17 11:20:00,2025-09-30 15:29:00,0.0,0.0,0.0,0.0,0.0,0.0,0.0,0.0,0.0,0.0,0,0,0,0,E2.0_TP0.5_SL1.5,2.0,0.5,1.5
SUNPHARMA,2025-02-17 11:19:00,2025-09-30 15:29:00,0.0,0.0,0.0,0.0,0.0,0.0,0.0,0.0,0.0,0.0,0,0,0,0,E2.0_TP0.5_SL1.5,2.0,0.5,1.5
SUPREMEIND,2025-02-17 11:19:00,2025-09-30 15:29:00,-2761.00000000004,0.0,-2761.00000000004,9701.99999999998,8441.18409639998,1260.8159036,3454.0,5764.0,9701.99999999998,216.5724528000001,6,2640,1,0,E2.0_TP0.5_SL1.5,2.0,0.5,1.5
SUZLON,2025-08-01 11:25:00,2025-09-30 15:29:00,0.0,0.0,0.0,0.0,0.0,0.0,0.0,0.0,0.0,0.0,0,0,0,0,E2.0_TP0.5_SL1.5,2.0,0.5,1.5
SYNGENE,2025-02-17 11:19:00,2025-09-30 15:29:00,0.0,0.0,0.0,0.0,0.0,0.0,0.0,0.0,0.0,0.0,0,0,0,0,E2.0_TP0.5_SL1.5,2.0,0.5,1.5
360ONE,2025-06-27 11:19:00,2025-09-30 15:29:00,-152531.99999999514,0.0,-152531.99999999514,11138.850000005186,-3467.5237240148126,14606.37372402,29168.4,39705.15,11138.850000005186,17558.964241077218,80,107040,0,-40,E2.0_TP1.0_SL2.0,2.0,1.0,2.0
GAIL,2025-02-17 11:19:00,2025-09-30 15:29:00,114599.6799999996,0.0,114599.6799999996,148318.81999999873,109501.29066905472,38817.52933094401,36089.82000000001,55282.24000000002,148318.81999999873,213667.7355215536,164,1654432,40,0,E2.0_TP1.0_SL2.0,2.0,1.0,2.0
GLENMARK,2025-02-17 11:19:00,2025-09-30 15:29:00,0.0,0.0,0.0,0.0,0.0,0.0,0.0,0.0,0.0,0.0,0,0,0,0,E2.0_TP1.0_SL2.0,2.0,1.0,2.0
GMRAIRPORT,2025-02-17 11:19:00,2025-09-30 15:29:00,0.0,0.0,0.0,0.0,0.0,0.0,0.0,0.0,0.0,0.0,0,0,0,0,E2.0_TP1.0_SL2.0,2.0,1.0,2.0
GODREJCP,2025-02-17 11:20:00,2025-09-30 15:29:00,-93458.95000000048,-0.0,-93458.95000000048,-3470.675000001781,-53401.39874706178,49930.72374706,84082.37499999994,125596.25000000004,-3470.675000001781,153083.31137580238,206,316004,40,-1,E2.0_TP1.0_SL2.0,2.0,1.0,2.0
GODREJPROP,2025-02-17 11:19:00,2025-09-30 15:29:00,0.0,0.0,0.0,0.0,0.0,0.0,0.0,0.0,0.0,0.0,0,0,0,0,E2.0_TP1.0_SL2.0,2.0,1.0,2.0
GRASIM,2025-02-17 11:19:00,2025-09-30 15:29:00,18533.09999999997,0.0,18533.09999999997,12192.40000000003,8949.662456320031,3242.73754368,3667.500000000001,5297.5,12192.40000000003,2285.242037399554,14,9128,5,0,E2.0_TP1.0_SL2.0,2.0,1.0,2.0
LAURUSLABS,2025-02-17 11:19:00,2025-09-30 15:29:00,0.0,0.0,0.0,0.0,0.0,0.0,0.0,0.0,0.0,0.0,0,0,0,0,E2.0_TP1.0_SL2.0,2.0,1.0,2.0
LICHSGFIN,2025-02-17 11:19:00,2025-09-30 15:29:00,-276769.5,0.0,-276769.5,-167393.6249999996,-187257.8165167496,19864.191516750005,26224.625,43344.0,-167393.6249999996,233012.51657704965,84,252840,40,-1,E2.0_TP1.0_SL2.0,2.0,1.0,2.0
LICI,2025-02-17 11:19:00,2025-09-30 15:29:00,-326219.849999999,0.0,-326219.849999999,52462.800000000934,7140.582282060961,45322.21771793997,60587.09999999998,109173.60000000003,52462.800000000934,99497.3185393199,186,395064,40,-7,E2.0_TP1.0_SL2.0,2.0,1.0,2.0
LODHA,2025-02-17 11:19:00,2025-09-30 15:29:00,-81614.39999999487,0.0,-81614.39999999487,7304.3500000052445,-18369.84852477476,25674.198524780004,62737.6,33086.44999999999,7304.3500000052445,154246.30682443533,102,141576,0,-40,E2.0_TP1.0_SL2.0,2.0,1.0,2.0
LT,2025-02-17 11:19:00,2025-09-30 15:29:00,-127512.9000000002,0.0,-127512.9000000002,-116283.00000000012,-134539.40813682013,18256.40813682,11927.099999999997,14267.7,-116283.00000000012,142632.6263673604,82,40836,40,0,E2.0_TP1.0_SL2.0,2.0,1.0,2.0
LTF,2025-02-17 11:19:00,2025-09-30 15:29:00,-361442.8799999995,0.0,-361442.8799999995,-102316.31999999924,-140562.01035993523,38245.69035993601,55999.43999999999,49800.23999999998,-102316.31999999924,151577.48769926338,130,1535040,0,-40,E2.0_TP1.0_SL2.0,2.0,1.0,2.0
LTIM,2025-02-17 11:20:00,2025-09-30 15:29:00,-13884.59999999992,-0.0,-13884.59999999992,142240.49999999974,88345.69846603973,53894.80153396002,79088.2,112164.5,142240.49999999974,230040.83734852212,290,84680,40,-1,E2.0_TP1.0_SL2.0,2.0,1.0,2.0
LUPIN,2025-02-17 11:19:00,2025-09-30 15:29:00,-17859.999999999767,0.0,-17859.999999999767,62819.99999999998,39501.41341599998,23318.586583999997,26120.0,37620.0,62819.99999999998,60923.96076800193,116,92800,40,-8,E2.0_TP1.0_SL2.0,2.0,1.0,2.0
SAIL,2025-02-17 11:19:00,2025-09-30 15:29:00,-284643.23999999976,0.0,-284643.23999999976,-121179.77999999934,-145113.53643717535,23933.75643717601,34066.140000000014,57252.71999999997,-121179.77999999934,158927.55140654647,98,1512336,40,-1,E2.0_TP1.0_SL2.0,2.0,1.0,2.0
SBICARD,2025-02-17 11:19:00,2025-09-30 15:29:00,-417662.8499999996,-0.0,-417662.8499999996,114660.85000000036,58600.21811620037,56060.631883799986,79420.39999999995,116589.90000000008,114660.85000000036,118342.39641823818,260,489320,40,-40,E2.0_TP1.0_SL2.0,2.0,1.0,2.0
SBILIFE,2025-02-17 11:19:00,2025-09-30 15:29:00,0.0,0.0,0.0,0.0,0.0,0.0,0.0,0.0,0.0,0.0,0,0,0,0,E2.0_TP1.0_SL2.0,2.0,1.0,2.0
SBIN,2025-02-17 11:19:00,2025-09-30 15:29:00,-104444.6000000002,0.0,-104444.6000000002,-57128.99999999987,-101546.84017855984,44417.84017855998,26132.000000000004,27605.39999999999,-57128.99999999987,185314.3980675972,194,431456,40,0,E2.0_TP1.0_SL2.0,2.0,1.0,2.0
SHREECEM,2025-02-17 11:19:00,2025-09-30 15:29:00,-800076.8999999999,0.0,-800076.8999999999,463188.6000000001,354351.99369696015,108836.60630303992,202649.3,193724.3,463188.6000000001,148795.34163199994,502,28112,40,-40,E2.0_TP1.0_SL2.0,2.0,1.0,2.0
SHRIRAMFIN,2025-02-17 11:19:00,2025-09-30 15:29:00,26070.624999999935,0.0,26070.624999999935,30458.75000000013,23941.900648750132,6516.849351250001,6268.75,7006.25,30458.75000000013,2575.460949499899,26,76700,2,-1,E2.0_TP1.0_SL2.0,2.0,1.0,2.0
SIEMENS,2025-02-17 11:19:00,2025-09-30 15:29:00,226054.12499999977,0.0,226054.12499999977,214516.49999999965,176262.43657934965,38254.06342065002,50498.25,80767.5,214516.49999999965,103420.44248249954,256,84480,40,0,E2.0_TP1.0_SL2.0,2.0,1.0,2.0
SOLARINDS,2025-02-17 11:19:00,2025-09-30 15:29:00,0.0,0.0,0.0,0.0,0.0,0.0,0.0,0.0,0.0,0.0,0,0,0,0,E2.0_TP1.0_SL2.0,2.0,1.0,2.0
SONACOMS,2025-02-17 11:19:00,2025-09-30 15:29:00,701987.2499999969,0.0,701987.2499999969,104872.19999999549,22190.547820375432,82681.65217962004,139607.99999999985,214564.2000000001,104872.19999999549,290145.2863719562,404,1342896,0,-40,E2.0_TP1.0_SL2.0,2.0,1.0,2.0
SRF,2025-02-17 11:20:00,2025-09-30 15:29:00,-218123.9999999968,0.0,-218123.9999999968,43924.10000000333,26336.52451028332,17587.575489720002,25374.8,12621.7,43924.10000000333,34530.19628020332,80,46720,0,-40,E2.0_TP1.0_SL2.0,2.0,1.0,2.0
SUNPHARMA,2025-02-17 11:19:00,2025-09-30 15:29:00,0.0,0.0,0.0,0.0,0.0,0.0,0.0,0.0,0.0,0.0,0,0,0,0,E2.0_TP1.0_SL2.0,2.0,1.0,2.0
SUPREMEIND,2025-02-17 11:19:00,2025-09-30 15:29:00,-6380.0,0.0,-6380.0,35442.00000000006,24238.903018000055,11203.096982000005,24156.0,49962.0,35442.00000000006,67193.7535631994,54,23760,23,0,E2.0_TP1.0_SL2.0,2.0,1.0,2.0
SUZLON,2025-08-01 11:25:00,2025-09-30 15:29:00,0.0,0.0,0.0,0.0,0.0,0.0,0.0,0.0,0.0,0.0,0,0,0,0,E2.0_TP1.0_SL2.0,2.0,1.0,2.0
SYNGENE,2025-02-17 11:19:00,2025-09-30 15:29:00,0.0,0.0,0.0,0.0,0.0,0.0,0.0,0.0,0.0,0.0,0,0,0,0,E2.0_TP1.0_SL2.0,2.0,1.0,2.0
360ONE,2025-06-27 11:19:00,2025-09-30 15:29:00,-152531.99999999514,0.0,-152531.99999999514,11272.65000000535,-3334.7537164146506,14607.40371642,28599.75,38735.100000000006,11272.65000000535,16923.544428477602,80,107040,0,-40,E2.0_TP1.0_SL1.5,2.0,1.0,1.5
GAIL,2025-02-17 11:19:00,2025-09-30 15:29:00,114599.6799999996,0.0,114599.6799999996,145872.4799999991,107055.0412693831,38817.438730616006,36947.3,55811.860000000015,145872.4799999991,213667.73552155355,164,1654432,40,0,E2.0_TP1.0_SL1.5,2.0,1.0,1.5
GLENMARK,2025-02-17 11:19:00,2025-09-30 15:29:00,0.0,0.0,0.0,0.0,0.0,0.0,0.0,0.0,0.0,0.0,0,0,0,0,E2.0_TP1.0_SL1.5,2.0,1.0,1.5
GMRAIRPORT,2025-02-17 11:19:00,2025-09-30 15:29:00,0.0,0.0,0.0,0.0,0.0,0.0,0.0,0.0,0.0,0.0,0,0,0,0,E2.0_TP1.0_SL1.5,2.0,1.0,1.5
GODREJCP,2025-02-17 11:20:00,2025-09-30 15:29:00,-91944.12500000036,-0.0,-91944.12500000036,-6001.775000002096,-55941.0108747121,49939.23587471,80630.87499999994,126785.10000000002,-6001.775000002096,152127.51857498227,206,316004,40,-1,E2.0_TP1.0_SL1.5,2.0,1.0,1.5
GODREJPROP,2025-02-17 11:19:00,2025-09-30 15:29:00,0.0,0.0,0.0,0.0,0.0,0.0,0.0,0.0,0.0,0.0,0,0,0,0,E2.0_TP1.0_SL1.5,2.0,1.0,1.5
GRASIM,2025-02-17 11:19:00,2025-09-30 15:29:00,18533.09999999997,0.0,18533.09999999997,12192.40000000003,8949.662456320031,3242.73754368,3667.500000000001,5297.5,12192.40000000003,2285.242037399554,14,9128,5,0,E2.0_TP1.0_SL1.5,2.0,1.0,1.5
LAURUSLABS,2025-02-17 11:19:00,2025-09-30 15:29:00,0.0,0.0,0.0,0.0,0.0,0.0,0.0,0.0,0.0,0.0,0,0,0,0,E2.0_TP1.0_SL1.5,2.0,1.0,1.5
LICHSGFIN,2025-02-17 11:19:00,2025-09-30 15:29:00,-276769.5,0.0,-276769.5,-169914.4999999995,-189765.7157679495,19851.21576795,25095.875,41048.875,-169914.4999999995,237541.98218555484,84,252840,40,-1,E2.0_TP1.0_SL1.5,2.0,1.0,1.5
LICI,2025-02-17 11:19:00,2025-09-30 15:29:00,-318971.6999999991,0.0,-318971.6999999991,53604.450000000776,8780.174717760783,44824.27528223999,59312.69999999998,101447.55000000005,53604.450000000776,104626.5351926381,184,390816,40,-7,E2.0_TP1.0_SL1.5,2.0,1.0,1.5
LODHA,2025-02-17 11:19:00,2025-09-30 15:29:00,-81614.39999999487,0.0,-81614.39999999487,7304.3500000052445,-18369.84852477476,25674.198524780004,62737.6,33086.44999999999,7304.3500000052445,154246.30682443533,102,141576,0,-40,E2.0_TP1.0_SL1.5,2.0,1.0,1.5
LT,2025-02-17 11:19:00,2025-09-30 15:29:00,-125620.50000000012,0.0,-125620.50000000012,-115797.45000000016,-133604.21472366017,17806.764723660002,12549.599999999997,14354.85,-115797.45000000016,134562.95966736012,80,39840,40,0,E2.0_TP1.0_SL1.5,2.0,1.0,1.5
LTF,2025-02-17 11:19:00,2025-09-30 15:29:00,-361442.8799999995,0.0,-361442.8799999995,-102316.31999999924,-140562.01035993523,38245.69035993601,55999.43999999999,49800.23999999998,-102316.31999999924,151577.48769926338,130,1535040,0,-40,E2.0_TP1.0_SL1.5,2.0,1.0,1.5
LTIM,2025-02-17 11:20:00,2025-09-30 15:29:00,28798.5,-0.0,28798.5,157541.2999999996,105535.9938638396,52005.306136160005,77650.09999999999,111850.6,157541.2999999996,174569.0139033221,280,81760,40,-1,E2.0_TP1.0_SL1.5,2.0,1.0,1.5
LUPIN,2025-02-17 11:19:00,2025-09-30 15:29:00,-17859.999999999767,0.0,-17859.999999999767,62819.99999999998,39501.41341599998,23318.586583999997,26120.0,37620.0,62819.99999999998,60923.96076800193,116,92800,40,-8,E2.0_TP1.0_SL1.5,2.0,1.0,1.5
SAIL,2025-02-17 11:19:00,2025-09-30 15:29:00,-282984.2999999997,0.0,-282984.2999999997,-128394.24000000003,-152149.86253094405,23755.622530944012,35030.64000000001,55632.35999999997,-128394.24000000003,165019.55371377865,98,1512336,40,-1,E2.0_TP1.0_SL1.5,2.0,1.0,1.5
SBICARD,2025-02-17 11:19:00,2025-09-30 15:29:00,-421520.95,-0.0,-421520.95,58647.824999999575,7907.922313559611,50739.90268643997,72221.75,100004.775,58647.824999999575,118342.39641823812,236,444152,40,-40,E2.0_TP1.0_SL1.5,2.0,1.0,1.5
SBILIFE,2025-02-17 11:19:00,2025-09-30 15:29:00,0.0,0.0,0.0,0.0,0.0,0.0,0.0,0.0,0.0,0.0,0,0,0,0,E2.0_TP1.0_SL1.5,2.0,1.0,1.5
SBIN,2025-02-17 11:19:00,2025-09-30 15:29:00,-69694.60000000006,0.0,-69694.60000000006,-66080.59999999969,-104012.87989999968,37932.27989999999,20905.599999999995,22490.199999999983,-66080.59999999969,169214.46393823944,166,369184,40,0,E2.0_TP1.0_SL1.5,2.0,1.0,1.5
SHREECEM,2025-02-17 11:19:00,2025-09-30 15:29:00,-841796.8999999999,0.0,-841796.8999999999,291898.6000000001,191578.67599696023,100319.92400303984,187599.3,178184.3,291898.6000000001,148795.34163199994,462,25872,33,-40,E2.0_TP1.0_SL1.5,2.0,1.0,1.5
SHRIRAMFIN,2025-02-17 11:19:00,2025-09-30 15:29:00,26070.624999999935,0.0,26070.624999999935,30458.75000000013,23941.900648750132,6516.849351250001,6268.75,7006.25,30458.75000000013,2575.460949499899,26,76700,2,-1,E2.0_TP1.0_SL1.5,2.0,1.0,1.5
SIEMENS,2025-02-17 11:19:00,2025-09-30 15:29:00,191556.74999999985,0.0,191556.74999999985,190810.12499999945,146767.44809594942,44042.67690405004,57667.5,89780.625,190810.12499999945,118613.1091959009,296,97680,40,0,E2.0_TP1.0_SL1.5,2.0,1.0,1.5
SOLARINDS,2025-02-17 11:19:00,2025-09-30 15:29:00,0.0,0.0,0.0,0.0,0.0,0.0,0.0,0.0,0.0,0.0,0,0,0,0,E2.0_TP1.0_SL1.5,2.0,1.0,1.5
SONACOMS,2025-02-17 11:19:00,2025-09-30 15:29:00,692804.6999999976,0.0,692804.6999999976,94900.19999999677,14111.2607768967,80788.93922310005,137364.29999999987,208913.4,94900.19999999677,293800.6841693361,394,1309656,0,-40,E2.0_TP1.0_SL1.5,2.0,1.0,1.5
SRF,2025-02-17 11:20:00,2025-09-30 15:29:00,-218123.9999999968,0.0,-218123.9999999968,43924.10000000333,26336.52451028332,17587.575489720002,25374.8,12621.7,43924.10000000333,34530.19628020332,80,46720,0,-40,E2.0_TP1.0_SL1.5,2.0,1.0,1.5
SUNPHARMA,2025-02-17 11:19:00,2025-09-30 15:29:00,0.0,0.0,0.0,0.0,0.0,0.0,0.0,0.0,0.0,0.0,0,0,0,0,E2.0_TP1.0_SL1.5,2.0,1.0,1.5
SUPREMEIND,2025-02-17 11:19:00,2025-09-30 15:29:00,-4091.99999999998,0.0,-4091.99999999998,36850.000000000175,26468.567523200178,10381.432476800002,22836.0,45430.0,36850.000000000175,61815.12268799945,50,22000,22,0,E2.0_TP1.0_SL1.5,2.0,1.0,1.5
SUZLON,2025-08-01 11:25:00,2025-09-30 15:29:00,0.0,0.0,0.0,0.0,0.0,0.0,0.0,0.0,0.0,0.0,0,0,0,0,E2.0_TP1.0_SL1.5,2.0,1.0,1.5
SYNGENE,2025-02-17 11:19:00,2025-09-30 15:29:00,0.0,0.0,0.0,0.0,0.0,0.0,0.0,0.0,0.0,0.0,0,0,0,0,E2.0_TP1.0_SL1.5,2.0,1.0,1.5
360ONE,2025-06-27 11:19:00,2025-09-30 15:29:00,0.0,0.0,0.0,0.0,0.0,0.0,0.0,0.0,0.0,0.0,0,0,0,0,E2.0_TP0.5_SL2.0,2.0,0.5,2.0
GAIL,2025-02-17 11:19:00,2025-09-30 15:29:00,0.0,0.0,0.0,0.0,0.0,0.0,0.0,0.0,0.0,0.0,0,0,0,0,E2.0_TP0.5_SL2.0,2.0,0.5,2.0
GLENMARK,2025-02-17 11:19:00,2025-09-30 15:29:00,0.0,0.0,0.0,0.0,0.0,0.0,0.0,0.0,0.0,0.0,0,0,0,0,E2.0_TP0.5_SL2.0,2.0,0.5,2.0
GMRAIRPORT,2025-02-17 11:19:00,2025-09-30 15:29:00,0.0,0.0,0.0,0.0,0.0,0.0,0.0,0.0,0.0,0.0,0,0,0,0,E2.0_TP0.5_SL2.0,2.0,0.5,2.0
GODREJCP,2025-02-17 11:20:00,2025-09-30 15:29:00,0.0,-0.0,0.0,0.0,0.0,0.0,0.0,0.0,0.0,0.0,0,0,0,0,E2.0_TP0.5_SL2.0,2.0,0.5,2.0
GODREJPROP,2025-02-17 11:19:00,2025-09-30 15:29:00,0.0,0.0,0.0,0.0,0.0,0.0,0.0,0.0,0.0,0.0,0,0,0,0,E2.0_TP0.5_SL2.0,2.0,0.5,2.0
GRASIM,2025-02-17 11:19:00,2025-09-30 15:29:00,0.0,0.0,0.0,0.0,0.0,0.0,0.0,0.0,0.0,0.0,0,0,0,0,E2.0_TP0.5_SL2.0,2.0,0.5,2.0
LAURUSLABS,2025-02-17 11:19:00,2025-09-30 15:29:00,0.0,0.0,0.0,0.0,0.0,0.0,0.0,0.0,0.0,0.0,0,0,0,0,E2.0_TP0.5_SL2.0,2.0,0.5,2.0
LICHSGFIN,2025-02-17 11:19:00,2025-09-30 15:29:00,-221874.62499999977,0.0,-221874.62499999977,-57904.87499999921,-77852.5592813492,19947.68428134999,26525.625,50568.0,-57904.87499999921,161871.41649734468,84,252840,40,-1,E2.0_TP0.5_SL2.0,2.0,0.5,2.0
LICI,2025-02-17 11:19:00,2025-09-30 15:29:00,-248746.94999999928,0.0,-248746.94999999928,-10301.39999999914,-31010.913784979148,20709.51378498001,25381.800000000003,62870.40000000002,-10301.39999999914,55973.90763864019,80,169920,40,0,E2.0_TP0.5_SL2.0,2.0,0.5,2.0
LODHA,2025-02-17 11:19:00,2025-09-30 15:29:00,-133699.09999999515,0.0,-133699.09999999515,-5343.79999999571,-38560.1575697957,33216.35756979999,55068.9,39870.3,-5343.79999999571,208256.04595483872,128,177664,0,-40,E2.0_TP0.5_SL2.0,2.0,0.5,2.0
LT,2025-02-17 11:19:00,2025-09-30 15:29:00,-140560.50000000023,0.0,-140560.50000000023,8652.749999999634,-10525.167087660362,19177.917087659996,11466.449999999995,17454.899999999998,8652.749999999634,82287.23785524265,84,41832,40,0,E2.0_TP0.5_SL2.0,2.0,0.5,2.0
LTF,2025-02-17 11:19:00,2025-09-30 15:29:00,-110493.36000000151,0.0,-110493.36000000151,-64058.40000000148,-73950.96394569748,9892.563945696,12605.04,14317.2,-64058.40000000148,73950.96394569748,38,448704,0,-19,E2.0_TP0.5_SL2.0,2.0,0.5,2.0
LTIM,2025-02-17 11:20:00,2025-09-30 15:29:00,0.0,-0.0,0.0,0.0,0.0,0.0,0.0,0.0,0.0,0.0,0,0,0,0,E2.0_TP0.5_SL2.0,2.0,0.5,2.0
LUPIN,2025-02-17 11:19:00,2025-09-30 15:29:00,0.0,0.0,0.0,0.0,0.0,0.0,0.0,0.0,0.0,0.0,0,0,0,0,E2.0_TP0.5_SL2.0,2.0,0.5,2.0
SAIL,2025-02-17 11:19:00,2025-09-30 15:29:00,0.0,0.0,0.0,0.0,0.0,0.0,0.0,0.0,0.0,0.0,0,0,0,0,E2.0_TP0.5_SL2.0,2.0,0.5,2.0
SBICARD,2025-02-17 11:19:00,2025-09-30 15:29:00,-215630.14999999997,-0.0,-215630.14999999997,1176.2499999997362,-16074.347207620262,17250.597207619998,32770.325,28253.52499999999,1176.2499999997362,30119.651063979534,82,154324,0,-40,E2.0_TP0.5_SL2.0,2.0,0.5,2.0
SBILIFE,2025-02-17 11:19:00,2025-09-30 15:29:00,0.0,0.0,0.0,0.0,0.0,0.0,0.0,0.0,0.0,0.0,0,0,0,0,E2.0_TP0.5_SL2.0,2.0,0.5,2.0
SBIN,2025-02-17 11:19:00,2025-09-30 15:29:00,0.0,0.0,0.0,0.0,0.0,0.0,0.0,0.0,0.0,0.0,0,0,0,0,E2.0_TP0.5_SL2.0,2.0,0.5,2.0
SHREECEM,2025-02-17 11:19:00,2025-09-30 15:29:00,-14466.899999999878,0.0,-14466.899999999878,1538.6000000001222,238.72742096012232,1299.87257904,699.3000000000001,1644.3000000000002,1538.6000000001222,351.76055908,6,336,0,-3,E2.0_TP0.5_SL2.0,2.0,0.5,2.0
SHRIRAMFIN,2025-02-17 11:19:00,2025-09-30 15:29:00,0.0,0.0,0.0,0.0,0.0,0.0,0.0,0.0,0.0,0.0,0,0,0,0,E2.0_TP0.5_SL2.0,2.0,0.5,2.0
SIEMENS,2025-02-17 11:19:00,2025-09-30 15:29:00,0.0,0.0,0.0,0.0,0.0,0.0,0.0,0.0,0.0,0.0,0,0,0,0,E2.0_TP0.5_SL2.0,2.0,0.5,2.0
SOLARINDS,2025-02-17 11:19:00,2025-09-30 15:29:00,0.0,0.0,0.0,0.0,0.0,0.0,0.0,0.0,0.0,0.0,0,0,0,0,E2.0_TP0.5_SL2.0,2.0,0.5,2.0
SONACOMS,2025-02-17 11:19:00,2025-09-30 15:29:00,648595.4999999962,0.0,648595.4999999962,88169.09999999544,3666.765511735415,84502.33448826002,140397.44999999978,218428.3500000001,88169.09999999544,386264.7565960781,414,1376136,0,-40,E2.0_TP0.5_SL2.0,2.0,0.5,2.0
SRF,2025-02-17 11:20:00,2025-09-30 15:29:00,0.0,0.0,0.0,0.0,0.0,0.0,0.0,0.0,0.0,0.0,0,0,0,0,E2.0_TP0.5_SL2.0,2.0,0.5,2.0
SUNPHARMA,2025-02-17 11:19:00,2025-09-30 15:29:00,0.0,0.0,0.0,0.0,0.0,0.0,0.0,0.0,0.0,0.0,0,0,0,0,E2.0_TP0.5_SL2.0,2.0,0.5,2.0
SUPREMEIND,2025-02-17 11:19:00,2025-09-30 15:29:00,-2761.00000000004,0.0,-2761.00000000004,9701.99999999998,8441.18409639998,1260.8159036,3454.0,5764.0,9701.99999999998,216.5724528000001,6,2640,1,0,E2.0_TP0.5_SL2.0,2.0,0.5,2.0
SUZLON,2025-08-01 11:25:00,2025-09-30 15:29:00,0.0,0.0,0.0,0.0,0.0,0.0,0.0,0.0,0.0,0.0,0,0,0,0,E2.0_TP0.5_SL2.0,2.0,0.5,2.0
SYNGENE,2025-02-17 11:19:00,2025-09-30 15:29:00,0.0,0.0,0.0,0.0,0.0,0.0,0.0,0.0,0.0,0.0,0,0,0,0,E2.0_TP0.5_SL2.0,2.0,0.5,2.0
